customer_id,first_name,last_name,email,country
ea1265e5-7e45-4e00-a163-f99060055358,Jean,Ruiz,brownpeter@example.net,Libyan Arab Jamahiriya
a6b82b24-bdbc-4b2c-99f7-5804778baa3f,Charlene,Williamson,stonedennis@example.net,Cocos (Keeling) Islands
6333d878-b243-4701-b959-616960636943,Eric,Schroeder,melissadoyle@example.com,Faroe Islands
8eeb0bab-6cf0-495f-a99f-1839bf5680ac,Megan,Robinson,lori06@example.net,Kenya
a4f7f075-a602-48fe-aaaa-e4de026f1f44,Corey,Richmond,vcortez@example.net,Lebanon
6232a62f-9dc5-4296-9624-6e88048f4e86,Kristina,Tapia,ehill@example.com,Singapore
432d17a7-200a-4f17-b951-ede35c872f54,Lee,Powell,lisawolfe@example.org,Zambia
aeba1cae-3ca7-4010-8665-db2ab334b479,Jacqueline,White,watkinsmatthew@example.net,Brazil
04347d73-de3b-419a-b2c8-cc5bee7b8e29,Julie,Montoya,veronica97@example.net,Chad
ab5d41a8-97a1-41ec-96cc-7b1da74ed3db,Heather,Mann,michael35@example.net,Oman
a4b899fb-5e26-451f-a39d-cfd04a7114d4,Lee,Miller,nguyenerica@example.com,Iran
35dfa4f9-a229-43ad-8668-23e41b11cbb4,Kenneth,Beltran,victorfigueroa@example.com,Georgia
afe54473-8800-4de8-b6a4-cf67e77f3822,Karen,Smith,bushthomas@example.org,South Georgia and the South Sandwich Islands
25771f44-acf6-4a89-9426-741310d7eb9c,William,Robbins,alejandroroach@example.org,Gambia
945bef01-e236-4342-9297-42998257fa74,Ruth,Clark,vgibson@example.net,Paraguay
a3efbb4c-f59e-4c09-bb3f-b54fd53207c8,Karen,Jackson,whoover@example.com,Uzbekistan
7dd81582-04fa-43c3-8e6b-8cb47ed0a126,Bradley,Cox,mcollins@example.net,Saudi Arabia
031f92c9-550c-4b57-95e4-06d797da3a3d,Lacey,Saunders,bowmanchristopher@example.org,Brunei Darussalam
850dd751-a539-4d69-80e2-4d71c224ea44,Chelsea,Garcia,jacobgibson@example.com,Christmas Island
45bae776-effa-471e-b17d-5e4e32a24796,Stephanie,Anderson,clee@example.net,Svalbard & Jan Mayen Islands
45427350-e9fa-4bad-bde8-5d449114c1f0,Jennifer,Howell,tracy82@example.com,Germany
c7eabccd-747f-4c4c-b61c-b167bddb2839,Julie,Mueller,mcdonaldmichelle@example.com,Malta
e75fc93a-b8b5-457e-86fe-fc4bcd8ec58b,Victor,Green,kaylareyes@example.net,Tanzania
2a8b7455-2ffc-434b-9120-1f51dded49f0,Nicole,Robinson,jamesgilbert@example.com,North Macedonia
b7f7af56-eeaa-4900-a781-161c00bf5b1e,Nathaniel,Patton,douglas45@example.com,Liberia
d91e77ac-1eab-4f73-ad89-37cde781a3c8,Daniel,Solis,katieclark@example.com,Czech Republic
f8a521c2-7dcf-41cf-aabf-5f82bb819afe,Melinda,Smith,isabelphillips@example.org,Guatemala
949df3ce-05cf-45ba-b144-d13db3538f01,Max,Gould,bakeramy@example.net,El Salvador
0e6c1f05-aaa9-4e29-9d3d-d49220d2d3bc,Erin,Long,gordonblake@example.net,Aruba
924c0b0c-03c5-40fb-ab4e-3336308a535e,Jason,Vaughn,gstone@example.org,Austria
1759be89-1b88-4a2b-8780-0cea606be833,Matthew,Ball,brady68@example.org,Venezuela
a3dcb5ba-9bd9-4e28-80fe-18497e0e7282,Mary,Roberts,tammy47@example.com,Niger
70dc7e22-fa4e-4ea7-99c9-740302013dca,William,Mercado,heidi34@example.net,Costa Rica
78bf53b9-4024-4a34-90d6-78cdce4bb0b1,Dustin,Oliver,rbeard@example.org,Sao Tome and Principe
dbc00f1a-1750-42f6-afb2-c23b8f7e6934,Jorge,Armstrong,brownrenee@example.net,Egypt
e92a2095-d249-4ddc-89f4-caf56c16b303,James,Diaz,ralphmartinez@example.org,Peru
153489e4-8bc8-4e76-9c4c-05b85327ed80,Kim,Watson,zrivera@example.org,Germany
c48c6063-54c0-4fe0-a702-24cb7bfad19a,Kevin,Brewer,jessicaelliott@example.com,Senegal
a6a0bc1e-1b5a-4ee2-bf5e-bd3209658b9c,Angela,Jones,vtorres@example.com,Zimbabwe
647c6b17-8bae-4931-8618-cab2c9c67e3f,Brandy,Rivera,paul38@example.org,French Polynesia
ffefa67f-78d1-4ec9-ac32-a9dd51e819f1,Timothy,White,ulopez@example.org,Romania
84170959-3f60-4453-bbc4-c849d7642d9f,David,Jones,davidclark@example.org,Burundi
a84a597e-9be1-4923-b2e3-75b6a4271330,John,Gordon,brandon07@example.com,Niger
295c6008-1ba6-4d38-95c0-bee194e2c55f,Heidi,Walker,colson@example.org,Grenada
4d667b85-63e2-4563-af5c-a7a72fa948d8,Monica,Brown,rgilbert@example.com,Kuwait
14c42d9b-5c09-41cf-a01c-cb051d92ce8b,John,Casey,lisaconrad@example.com,Monaco
4d749f42-8cad-4e62-bcae-1f085a7e6d18,Frederick,Stephens,smithjared@example.com,Lesotho
bb66f04d-2abe-430c-8ec3-124cde70102c,Erica,Smith,charles30@example.com,Oman
b6e44fff-a701-4909-997b-6c003e99981c,Cameron,Palmer,glennbrandon@example.net,Cayman Islands
a41312cb-d499-4be9-b61d-9bfc83083de1,Derrick,Farley,wryan@example.com,Papua New Guinea
bb828fad-2c99-46da-bee7-61152c1b6657,Holly,Webb,catherine73@example.net,Tuvalu
95cd6475-0803-42f0-8a38-f53637145885,Eric,Nolan,brandonandrews@example.net,Guernsey
3c2d5ce5-7464-41e1-b60a-07ce4700bad6,Alexander,Hendricks,cherylgreer@example.com,China
c8af0414-23ba-45ab-b6e7-ee438778cc44,April,Weber,iluna@example.com,San Marino
c08a6f85-0697-45ee-be79-a415590b0586,Madison,Wiley,jason54@example.com,Estonia
3aaa2095-077a-4edb-9086-8485e47ec62a,Beverly,Moses,udoyle@example.net,Bahrain
52f0d2bd-ae7e-44eb-821b-c0d496b9223a,Alexis,Huynh,carlsontheresa@example.com,Netherlands Antilles
f6b9f590-aedc-4c96-b5a4-ee4643b6cbba,Crystal,Carter,cochrancurtis@example.net,Azerbaijan
8523b52a-60ee-4568-9740-8cb28e011aa8,John,Jacobs,vwarren@example.net,Sri Lanka
5db60e8d-f943-48e4-b2da-f94f6295ffd3,Bethany,Rose,andrewbarker@example.org,Spain
99d8589b-87b6-4bdf-aee2-0f6c82e0a4f8,Gregory,Wagner,ybarton@example.com,Switzerland
075cdbe3-f62b-4b9b-863f-8cbc92a504e5,Karen,Spence,briannajefferson@example.net,Ukraine
ab7e8e5a-cd03-4b01-a2c3-0867ab611aed,Sharon,Vargas,christopher97@example.net,Rwanda
21827be4-344b-4f02-8d5d-b9b07394ef68,Earl,Ball,lisamorales@example.com,Kazakhstan
844915fa-2ee7-4575-ab4b-e4f43ce8f4c5,Robert,Hickman,stephanie75@example.org,Saint Vincent and the Grenadines
7f496fee-1c35-43f9-a344-49bf1bdf9428,Christopher,Hicks,hshaw@example.org,Comoros
f3e37b29-9aaa-4b19-9be3-f287026d2167,Christina,Herrera,colemanrichard@example.org,Malawi
186d2038-1b12-4bfc-9ca0-5d5654d9e0a7,Robert,Boyd,timothy18@example.com,Congo
2959c2ff-e355-4535-997c-71a26334658d,David,Gray,michaelross@example.net,Bermuda
a9a89944-a744-4945-b3ee-3f399e5dd06d,Karen,Jones,balljohn@example.com,Sri Lanka
6da2d99a-546c-409e-b43a-7e56335a6bd0,Monica,Smith,brownkenneth@example.org,Liechtenstein
328e7dcb-fbb6-4496-8d8b-8f0a26885e44,Brian,Campbell,chavezthomas@example.com,Turkmenistan
5dcf2cda-3e2b-4149-8623-2771dd651758,George,Wright,amanda76@example.org,Liechtenstein
10a732fc-6336-4a9c-9525-8e89b2d1a459,William,Nguyen,jdavidson@example.com,Mongolia
df0d3574-7fd8-4e15-a334-0a69fbe9ffe6,Shannon,Torres,virginiajohnson@example.org,Marshall Islands
c210ef3d-575c-4152-af1e-063405e0b958,Luis,Castro,mathewsheather@example.org,Burkina Faso
ec40bd9a-3b91-418b-b4aa-4131fd308408,Tyler,Mora,josephdaniels@example.com,Cuba
e12d6816-162d-4783-953f-4ebaaf379cbb,Adam,Riley,maria08@example.com,Thailand
69e2f19f-e59a-4349-bede-b0b436a4949f,Rebecca,Barry,dvalencia@example.com,Netherlands
86931c9d-5ddb-4cde-96bd-5962bb1089eb,Elizabeth,Roberts,pettyjoshua@example.com,Liberia
16ff3240-0c68-4884-8784-f4cf4caeb9c9,Victoria,Ochoa,zmills@example.org,Sierra Leone
73f948c2-1a26-4cfa-af66-c1b07faab979,Angie,Jones,jeanettethomas@example.com,Maldives
070d6500-7b8c-47a0-984f-fc49386499a8,Ashley,Becker,kyle19@example.org,Sao Tome and Principe
0f2c78e7-59ec-4413-a542-81b132163b3c,James,Smith,gonzalezdarlene@example.org,Swaziland
419aefe1-d451-4008-a47a-b5c9db43923c,Rachel,Woodard,darlene28@example.net,Hong Kong
b2297f0b-812d-4e20-ae94-1086615741c3,Heather,Wilson,sara37@example.net,France
408cc676-f973-401f-a2b3-de4b024986c4,Luis,Smith,lisareyes@example.org,Bahamas
f0745f2f-6151-4632-9f6c-eaaa4962231e,Gina,Harris,hartdustin@example.net,Bulgaria
36c640b3-1440-4370-a9a6-1605d64b227a,James,Adams,reesejames@example.net,Wallis and Futuna
e2ca428c-afbd-4cde-831f-86eb0569f5ac,Stephanie,Powell,georgele@example.net,Ecuador
1c7342a6-d6db-4282-aa4f-fdcd036fe036,Victoria,Miller,garrettjennifer@example.org,El Salvador
c763a987-d6cc-4d7f-8a16-6fc909352cd4,Gabrielle,Bradley,jay33@example.com,Congo
88ff9191-7d3c-4ba7-8329-cbe2ee4ddecf,Kara,Yoder,angelagomez@example.com,British Virgin Islands
0f10a45c-8d0c-459b-97fc-00cea766c1f6,Anthony,Reid,tgriffin@example.com,Japan
210716c2-96d6-4cac-b3ab-2932c4758ec2,Garrett,Archer,blakenicole@example.org,Kuwait
1d223541-f3a9-4b41-8611-9c1316eed7f2,Jamie,Scott,diana59@example.com,British Indian Ocean Territory (Chagos Archipelago)
0fb836d9-887e-4410-80b9-6c1be2e95440,Michael,Ray,sarah40@example.org,Malta
2d47c27c-637c-4511-9c7c-304ff00661b3,George,Ortega,rebecca64@example.org,New Caledonia
b7f7f59e-89bc-4323-aef3-452e6b6f4b7c,Kelly,Diaz,danielle62@example.net,Thailand
6eaad4d3-46d8-4fce-8055-67a16cbc9653,Sheila,Lopez,maryhebert@example.net,Ghana
c780b9da-eda5-49ef-80f8-0ed4dda349d9,Paul,Grant,michael51@example.com,Serbia
24150b15-7b5c-4862-87b6-1ce63c0a6a2b,David,Cooper,jtaylor@example.net,Israel
a85a4ab4-5a87-4e0b-8e3e-0746d05481bb,Pamela,Gray,riversjennifer@example.net,Montserrat
8463c273-6180-460b-9e71-255445a6cf29,Christopher,Williams,hannahsanford@example.com,Gibraltar
d9ca470a-902d-4e8f-a15a-640588e3ec39,Sandra,Cooper,melissaquinn@example.org,Micronesia
65eeaee5-47b6-4549-9ada-001d2b1f62b2,Daniel,George,rbarrett@example.net,San Marino
b8f8e6d5-72d2-46d1-87d2-3b82afbfa7b2,Corey,Ramirez,lauren14@example.com,Palau
f88213f4-e5ec-49b8-83d5-6b3cb386efbf,Heather,Charles,ericaolsen@example.com,Hungary
436ad89b-8009-487b-a376-f3a1bcfc0a89,Judy,Farrell,rossjoseph@example.org,Congo
04b3b3ef-a1da-4102-b01b-bc977e865210,Tony,Hernandez,jennabenton@example.net,Saint Martin
42ff71b7-a166-4de8-b3d9-9d2d236d77f4,Angela,Montgomery,blairolivia@example.net,Honduras
3dcecaea-dfcc-421d-b0bd-a66e63b3e481,Ashley,Cannon,jessicaerickson@example.net,Kiribati
6c27b0b7-d38b-4312-983c-0ee437e06698,Pamela,Mahoney,matthewrodriguez@example.com,Yemen
ee24717a-754d-451f-9328-7701caa97b52,Keith,Sullivan,shanson@example.com,Ghana
f0c4780d-3ca5-4630-b401-a27b39cc55e0,Penny,Edwards,cpatel@example.org,Comoros
176df355-0e87-441c-a6d5-f4c4e66b86ff,Alan,Lopez,toddkim@example.org,Canada
8ff4383d-be0b-4793-952b-81aebe26a706,Natalie,Stewart,thomas86@example.org,Lithuania
5f0503ed-32e3-45cb-a2b9-c5d8f7b0b28d,Leslie,Perez,kara54@example.net,Sweden
e130e0f6-1d1e-407c-9803-2d5768f884ef,Austin,Cox,robbinsjanice@example.net,Sierra Leone
468f3e6c-331e-42c0-9932-8dbd0c1885d9,Patricia,White,stevenssamuel@example.com,French Polynesia
638e50a8-b39c-4790-97db-1a7540036a7b,Vanessa,Foster,lkerr@example.net,France
d1c51e17-97ad-4850-a8fe-b98710aa30e3,Kevin,Brown,pennyhart@example.com,Philippines
52d1331e-336c-4afd-a15e-1a5d14673dfc,Amanda,Smith,carrollvictor@example.net,Reunion
16f423ac-5d3b-4e08-a6c7-1299213160e5,Susan,Perez,robinsonjessica@example.com,Bosnia and Herzegovina
9d3749ae-6c67-4131-a724-a3c25316b726,Gabriel,Case,spearsbenjamin@example.net,Timor-Leste
9a7fdfcc-7686-4775-85d1-381141e3b5c7,Brenda,Brooks,uvelazquez@example.net,Mauritania
8f06811a-5070-4901-98a3-67f9127fbf6d,Michael,Murray,moranshane@example.net,Nepal
b83d60bf-539e-4e8b-a500-f39d9606bc5c,Drew,Campbell,erikwright@example.com,Lesotho
3194d4e5-0370-4798-8b4e-e67bb0810cd5,Jacqueline,Owen,sullivandavid@example.com,Serbia
0f5e48cc-2807-475f-8a64-17135132183e,Briana,Knight,johndawson@example.com,Pitcairn Islands
121af8bf-d7aa-4f82-9e50-dbddbc58b079,Tracey,Maddox,sarah73@example.net,United Kingdom
da5ec7a5-df50-4bb9-b542-5187ed88ce2c,Matthew,Newman,singhnicole@example.org,Spain
1799e2bd-844f-447e-be2d-9162069358da,Travis,Lee,philip60@example.net,Montserrat
7581c2c3-854e-421e-9610-5743f884467b,Brendan,Miller,nicholas02@example.com,Albania
31466efb-7324-4e45-9593-b1b1933a0515,Julie,Webb,hmathews@example.org,Lebanon
059108fe-5206-417c-983a-a32a569c7c31,Steven,White,michaelsampson@example.org,Syrian Arab Republic
e8392471-deea-4024-8f81-704c2a6764fc,Dawn,Cannon,keith71@example.org,Georgia
ddba5996-008f-4a49-a79a-12d390c0e68a,Kayla,Cohen,vadams@example.net,French Guiana
c0bb79b1-a2d1-4d09-8e2f-2dbc0da9762a,Derek,Parrish,katie95@example.com,Aruba
8f795f85-70ba-45a9-add0-7c54dcf91d1c,Matthew,Reeves,cheryl31@example.org,Senegal
9a48b3c8-d066-4d19-bed6-309232208742,Mitchell,Castillo,christopher05@example.net,Luxembourg
1035e3d9-d568-455f-95e4-10469b20289e,Anne,Smith,ukirk@example.net,Niue
b8348b40-1284-4462-97a2-ec35b2aacdd3,Lydia,Douglas,kevinfleming@example.net,Turkmenistan
cc5ef176-92cf-4ec0-ae06-a5527e0a138f,Katherine,Evans,zstafford@example.org,Liberia
1f305490-5208-4556-81c0-a069c4b9feec,Brandon,Clements,wanderson@example.org,Reunion
7d5922d2-9368-4881-b8db-573a5da7a0ea,Jamie,Carter,luis68@example.org,India
020967d4-30d9-4ea3-9dec-11832d34c5e8,Elizabeth,Miranda,hannahwatkins@example.org,China
18500bb6-b315-48a9-953e-179012820434,Chelsea,Wang,claire83@example.net,Cayman Islands
c03e7768-ea94-4bf8-b7ac-e85a93500611,Lisa,Watts,katiewinters@example.com,Jamaica
cabc8081-fc01-41a1-8765-faa92770a584,Jesus,Martinez,tammyhunt@example.com,Lithuania
eac1d8e1-3be1-4e7f-ac4e-8d4a04ca57b3,Cameron,Gray,lisa63@example.net,South Africa
5c3530a1-9140-4251-b746-64dc79560988,Paul,Wood,wmiller@example.com,Malaysia
ce2a3650-8cd3-4189-b5ba-8e3cbd79b1d8,James,Sharp,rcasey@example.org,Algeria
0465e998-dd47-443d-aac8-1cf0aff70df5,Natalie,Aguilar,lawrencekimberly@example.net,Lithuania
abaf4461-0e9e-4ed3-b7ed-f9fc1a7d6aa6,Karen,Walker,jordangeorge@example.org,Mauritius
24de34e6-fd15-481d-906d-b962bd977d67,Danielle,Liu,melissa36@example.com,Congo
50885dc8-4820-4ce5-b1d6-008ad2674800,Zachary,Hill,maria10@example.com,Reunion
6b89d30a-c5b5-40e0-a0ab-349666b7d581,John,Lopez,newtonmarc@example.net,Christmas Island
8f6262af-d1a0-44ea-85a7-723041b181cc,Jennifer,Graves,rtravis@example.com,Yemen
939d66f1-f835-4cb5-bee9-3cf2d227fea0,Monique,Joyce,monica71@example.net,Luxembourg
10afea7f-24ef-4d07-a2f4-ee81a9250629,Brandon,Richards,ysantiago@example.net,Vietnam
81ca45cb-bbbd-433f-bc4e-e46fdf5009a0,Anthony,Roberts,juliebeltran@example.com,Japan
b7b6e582-1900-45a2-bbc7-a416eee931e3,Christine,Maddox,connor92@example.com,Wallis and Futuna
936135a5-945b-4344-9766-df5d6b7a6813,Chad,Flores,reynoldsandrew@example.com,Qatar
f4dafaeb-7047-4759-b0be-6fa17a3b0e3e,Karen,Ortega,loretta14@example.com,Norfolk Island
ef2e46c8-da76-4c32-9eaf-f63f7f4902dc,Jason,Stewart,onorris@example.org,Vanuatu
94dfc659-b05a-44af-ada0-ab0ec731626a,Annette,Leonard,snelson@example.org,Mexico
c7e4a7be-2398-4ac9-9ebe-19b2854f6851,Todd,Goodman,flang@example.net,Samoa
3d990fa0-2e77-4655-b82c-44e57dec74d4,Christina,Bryant,vangstacy@example.org,Serbia
b2e916d6-da6c-46cb-84a0-b14c0093e5d1,Erica,Brooks,schmidtkatrina@example.org,Dominica
be316b48-4b85-47e4-bb8a-1b9d148b0756,Patrick,Bryant,boothcynthia@example.com,Papua New Guinea
5914033f-133a-4ca5-ad09-7007460a6ef5,James,Greer,fwarner@example.net,Afghanistan
bd407367-1e1f-4375-9ec5-dc8949294ae8,Kayla,Thompson,rachel18@example.net,Guyana
7f5c4d5a-46c2-40a7-9626-4c25269202fd,Paul,Smith,perryrebecca@example.net,Madagascar
0d134060-f2bc-4f8c-ae16-03f04c4a0b4c,Jennifer,York,jenna06@example.org,Cuba
1dd23e89-2871-4778-b3a3-200a79cbaff5,Kimberly,Trevino,hutchinsonjohn@example.net,Maldives
85b26dbd-c588-4a9f-ae60-db06bf0576b4,Elizabeth,Perry,zgeorge@example.org,Venezuela
b26b5935-3d7c-4a3c-8849-3dbfe2f69a1c,Robert,Hill,christopherashley@example.org,Monaco
8d7ac60b-092a-4579-8844-e82a28c45fe5,Eric,Nelson,linda91@example.org,Djibouti
81561380-b9b3-41e5-90cf-d65a0b13a271,Morgan,West,marysims@example.com,French Guiana
bf514578-08df-43cb-b1d7-9294b757db39,Randy,Chan,ugarza@example.org,Bahrain
0a25c284-0b4e-4b8f-af4b-b5d78041a4e6,Luke,Patton,daniellemitchell@example.net,Guinea
6e969109-df33-4b36-8b2a-0b6f02bf26ac,Eric,Jones,keith26@example.org,French Southern Territories
789deed9-5a6a-42c9-a30f-47b703c6f00e,Jeffery,Jones,ndiaz@example.org,Tonga
86af79e7-7739-4623-8a5f-4354c7f458eb,Samantha,Gardner,amanda25@example.org,Jamaica
fb0941ca-71ac-4813-bdd2-4bd662258a40,Kenneth,Young,pattersontaylor@example.net,Romania
32deb58e-4655-4173-a9e0-725828f16d24,Whitney,Johnson,lisa92@example.com,Bahamas
846dfbfc-bffe-4dfd-bf0f-fac912c3d083,Andrew,Tucker,greenjames@example.com,Greenland
96f595a4-1915-4d34-977f-bbc7e7ad0e93,Steven,Powell,richard59@example.net,French Guiana
833b376b-0a1e-413d-827e-50bd761e6dea,David,Williams,paullowe@example.net,Svalbard & Jan Mayen Islands
fcd44565-1787-4ffa-b04b-189c5a5678f1,Roberta,George,qbrown@example.net,Cocos (Keeling) Islands
54c08554-5d9a-433c-ba16-c221980b554b,James,Cain,beckersandra@example.org,Guyana
bf826f55-1844-4061-8d7e-9a83518f28cb,Timothy,White,brichardson@example.org,Italy
121dafff-0af1-4bd9-9dc6-e8787508e25f,Brenda,Atkins,beverlyhopkins@example.org,Myanmar
5619372f-5952-4596-8e5c-9d48bf0871cf,Robert,Young,hillnicole@example.com,Taiwan
d02ef883-38df-4e63-9394-0e961ce7a9a4,Amanda,Johnson,robinanderson@example.net,Mauritania
f86e57fc-83fc-4a45-8186-bdc9e6d4157c,Melinda,King,pdavis@example.com,Moldova
a8a240b0-1b6c-4e2a-aa43-3cc0150cccb9,Christine,Watson,deangonzalez@example.com,Sao Tome and Principe
37c320af-dacd-4f7e-925c-a8147b0c9996,Haley,Hill,sbutler@example.net,Cook Islands
dd85dd67-c169-4268-8954-ff35710d1828,Paul,Gray,jshepherd@example.org,South Georgia and the South Sandwich Islands
24405548-b693-4ba9-b415-ace64b87adea,Diana,Owen,xfletcher@example.org,Libyan Arab Jamahiriya
806662ba-d3de-42ab-accc-47aa3f8ad2b4,Brian,Hunter,rmoody@example.org,Puerto Rico
7bcb4b56-81d8-40a6-bee5-6289eb92c2b6,James,Pierce,james60@example.net,United States of America
e16950eb-d447-4601-9b2b-e7dfefd3bf0e,Jeffery,Mayer,syoder@example.org,Northern Mariana Islands
772692fb-4d94-45fa-8883-22c0dcd8e2c6,Taylor,Howell,james45@example.net,Suriname
439e7a87-df8d-47d6-986a-5fd4819b4ab4,James,Gomez,sierrafranklin@example.com,Nauru
0e0c6ca8-934f-4fc4-b09f-79bb6e3b02a7,Monica,Manning,rjohnson@example.com,Pitcairn Islands
d1d70e3e-0f2e-4e69-bde9-c5d9fadbbddc,Ashley,Tyler,simonrobert@example.com,Korea
fd083db9-1449-44db-a2ad-ccedf73405dd,Martin,Jennings,william02@example.net,Botswana
fbc08784-7bd3-4868-9a0b-f5f9c0e16ddc,Christopher,Mason,andersondonald@example.net,Trinidad and Tobago
0d74a9c7-db04-48fd-8f1d-254072009f95,Alyssa,Fox,nbradshaw@example.com,Heard Island and McDonald Islands
1de8c486-e971-408f-9767-f052bbc8975a,Frank,Bowen,douglas45@example.org,Qatar
0ea976a8-b40c-4e28-b48a-244e6374380f,Steven,Zuniga,reeveslogan@example.com,Bouvet Island (Bouvetoya)
daec213d-ce74-4910-908c-43a75d435285,Matthew,Martin,thomasdeborah@example.net,Nicaragua
1b77be04-8063-454b-b08c-bd5c8d37b4a7,Megan,Sanders,pamela26@example.com,Russian Federation
5da03172-9d04-40ca-a03f-93f26ef61b38,Michael,Johnson,kimberlystone@example.net,France
d4222318-68f2-493d-8755-eb4f2824ff63,Christina,Burns,robert40@example.net,Aruba
e03cdae3-e38a-4e33-9d1c-0a8fd160ed84,Katrina,Torres,thomasrosario@example.org,Kyrgyz Republic
2c1fd3bd-d57d-4d9e-9a3a-5289321ca441,Gary,Hill,christinemiles@example.org,Samoa
a9708fea-35dd-4863-bfeb-7a1ecac032a9,Justin,Fisher,hermanjoseph@example.com,Lao People's Democratic Republic
a0d20340-9a6c-4a6e-bf26-265b9289020d,Ronnie,Stewart,davidsonedward@example.org,Marshall Islands
8ec87e03-fa66-4ba2-bd6a-c36b8e55b485,David,Wilson,jennifer98@example.org,Faroe Islands
88db1091-eac8-4d33-9b5d-cb238268b977,Jason,Travis,robertsmith@example.com,Saint Lucia
0916c8cc-fa03-4bc1-9f25-2915378bdc15,Leslie,Turner,rogersjillian@example.com,Yemen
f8ac337b-fafb-45b1-adde-043fa9d07c21,Sherry,Brown,blackjason@example.net,Micronesia
190c178c-ac72-4acc-82ba-f01b02a86173,Lorraine,Briggs,kimberly42@example.org,France
9d17cf43-365a-40d7-906b-657417fe0342,Kyle,Knight,upayne@example.org,Russian Federation
fafc1b77-a1ac-4f61-9dd6-1a6ac3b59cca,Lisa,Johnson,lgregory@example.com,Argentina
c85d21ce-e3f7-4b8a-a6ec-1f2fe43a6a80,Kelsey,Nelson,greyes@example.org,Finland
202629c5-a640-426c-a64b-cdf219bf204b,April,Pacheco,johnstanton@example.net,Tonga
d3de488a-661e-4f2a-a07b-85dea7b36715,Kylie,Yang,myoung@example.org,Colombia
d73bac21-acb2-4526-8f27-1338ee721d2c,Jeffrey,Chavez,mcurtis@example.com,Syrian Arab Republic
63c3184d-87b6-4daf-bd89-2241d8637a5a,Ashley,Ellis,cnorman@example.org,Saint Lucia
a48c48c0-28ad-42b7-abb4-ce0213b3eff5,Jose,Price,katherine44@example.net,Taiwan
15a2a1b4-842b-4483-8a75-85952f799856,Jonathan,Gross,ryan36@example.org,Ethiopia
c1acb597-610c-4f9a-9bc0-06c5ef2b5905,David,Bryant,michael17@example.net,Singapore
dfa08e36-20be-4e8e-9cbc-e58b5c7ec766,Debbie,Anderson,millermichael@example.com,United States of America
31c3012b-127d-4921-b874-87d26b59ab3a,Melissa,Rodgers,vthomas@example.net,Saint Helena
a6e4de24-c646-4c6e-8cb2-51102508898f,Michele,Bradford,charlesharvey@example.com,Albania
bde398a5-4020-49b8-9319-31fa89819f21,Michael,Rodriguez,dennisballard@example.com,Indonesia
c81adea2-4f25-4187-93fb-5d7942363153,Natasha,Eaton,scooper@example.com,Algeria
09d17086-28d7-4efd-b448-aa1b8862d9b5,Kenneth,Kennedy,brianstein@example.net,Zambia
7182aad7-2dd6-4b08-a008-5cb3a68b98b1,William,Page,lbarrett@example.org,Iraq
51cf259c-b370-45a1-9191-5e9f59432c00,Angel,Fuller,jonathan88@example.com,Tanzania
0271c0ba-bd5f-4ad7-ae49-52d99e44598d,Shannon,Mooney,vaughnkaitlyn@example.com,Vietnam
f07adfb0-0807-4a1f-bc4c-7753b474a5d4,Mary,Anderson,barberashley@example.org,Zambia
6b4a7c07-ba37-4954-b26f-abeeac9688cd,Catherine,Russell,marthadaniel@example.org,Angola
bf0df178-6f02-44f9-9a17-ae19a19c0c1d,Shari,Lin,ericowens@example.net,El Salvador
918983b0-2c2d-43d9-ad8c-f9b03e266273,Joseph,Rodriguez,znichols@example.com,Israel
9c473442-eedc-4a19-913a-99145950b1f7,Kristina,Alvarez,kylegibson@example.com,Venezuela
bb7a7019-ebd6-4a39-95fb-0fdcfb5ef901,Kimberly,Stanley,ureed@example.org,Norway
d0af2c60-e834-4b09-b2c8-e0da2a724798,Courtney,Gonzales,garrett59@example.org,Martinique
5ba2003b-20c8-4813-9c47-1413cc7c3f0f,Pamela,Tyler,robertrojas@example.org,Philippines
7c7ca0b2-c2c9-4c38-b936-ef44fe778032,Dominic,Dickerson,maustin@example.net,Colombia
bb9f63d5-cb0f-46e3-bbcf-a4650fda8f06,Nathaniel,Weeks,tiffanyharris@example.com,Netherlands Antilles
a78072f9-4f3e-4049-a28c-e223e2b2af9a,Morgan,Bishop,elizabeththomas@example.com,Jordan
ede9671a-5a5c-4dbb-9f75-9c864c1dfa00,Julie,Gonzalez,bowmanjacob@example.org,Tuvalu
b2803d41-16bd-4f45-86d2-0efe09f72d25,Michael,Brown,griffithrachel@example.net,Faroe Islands
e41ece41-73b4-4057-8562-1deef42a091a,Isaac,Pope,abrown@example.net,Svalbard & Jan Mayen Islands
43edce1c-d8b2-466a-b009-f7f6f9d7beb4,Vanessa,Schwartz,tiffanylong@example.org,Mongolia
1ec18721-116b-446c-9653-8c0a6c4983b7,Donna,Mcclain,kevin72@example.org,Chile
47ff251e-48c1-4d73-9a08-26010d8adba3,Mitchell,Carroll,zhernandez@example.net,Macao
186f9f1a-c1a7-4df3-81ee-e7c4256ef7ae,Anne,Taylor,monica52@example.com,Vanuatu
9cd4774e-c5f6-433c-a934-2d605919bcbf,Angela,Hernandez,reesedominique@example.org,Niue
379721d9-7a7e-41c0-90d9-ccf70477ee02,Eric,Green,hrodriguez@example.com,Greece
40ec263a-4157-4c5f-b554-207127dcfdb0,Shawn,Taylor,baileyjeremy@example.org,Guinea-Bissau
460760a2-c1a4-40ea-a11e-b91d2cc7b798,Wendy,Gates,amandabishop@example.org,Palau
824434cf-1975-4f6d-b07f-0a41d1997ae4,Amanda,Evans,johnsonjustin@example.com,Andorra
f0c47b7b-3450-46bf-858b-a69cdf3837d6,Mariah,Wallace,jessica09@example.net,Ghana
e53234aa-46b5-4d98-8b33-b5c2f991e28e,Dana,Reid,drice@example.com,Norway
6ccf01a0-982d-4d45-b22d-41d88b64266a,Michael,Johnson,brittanyserrano@example.net,United Kingdom
9f7ec458-6c08-47ce-b303-a84df1b6f84b,Christopher,Brown,jameslawrence@example.com,Turks and Caicos Islands
cdb37b0b-8755-4ba0-985a-26e4a76c78d2,Jeremy,Pierce,garybryant@example.com,Malta
3decd16d-8b3b-4c82-afc9-79cba3281faf,Mary,Hill,lorraine16@example.org,Croatia
b8a6ed36-341e-4b37-a9ae-fe1fc8c5543b,Yesenia,Hinton,stevenlee@example.com,Uruguay
e837f226-cfbe-417e-93a6-c509ca041c0c,Emily,Snyder,sherry38@example.com,Korea
02a10692-b32b-4a19-8788-d1f465129817,Donald,Carpenter,scottcortez@example.com,Tunisia
08538dba-a9f9-4a33-9765-280cc88e8603,Jonathan,Scott,amy31@example.net,Cayman Islands
17dbec05-2f87-4ca1-82c8-e7312f5ed48f,Sharon,Thomas,toddgarcia@example.net,New Zealand
63e40968-23a0-4ef0-b178-a87ad2ffb60e,Matthew,Wiggins,berrybrenda@example.org,Bermuda
21c98422-520c-4750-9bcc-945de08b01ec,Matthew,Willis,amanda33@example.com,Mauritania
66e6257b-375d-42d9-84ae-988de4ea7ac4,Jessica,Armstrong,carla85@example.net,Haiti
cef17bde-046f-44a8-8fe2-935e65f3b06d,Jessica,Green,daniel46@example.net,Burundi
d00daabf-3bd5-4195-abf8-872dae7a9ba3,Rachel,Osborne,carlos93@example.org,Malaysia
49248d2e-a203-4d0b-83c7-52ccf7ba8d70,Nicole,Smith,coreymoon@example.com,Wallis and Futuna
d9b2168e-6202-4cac-9bfd-83044c0282f0,Derek,Watkins,samantha80@example.net,Tanzania
4ee8b21c-445a-4a7c-b97c-621ab8f55e40,James,Ramos,wolfephilip@example.org,Afghanistan
ba68363b-ee94-4c68-a9e9-a4d883fd25ce,Rhonda,Maldonado,carriegallagher@example.com,Turkmenistan
d51beaf0-769e-48aa-a066-0ac938b76b20,Anthony,Newton,kennethbell@example.org,Gibraltar
81502d0a-c389-480b-b557-50262201b519,Sharon,Schultz,bergerbradley@example.com,Seychelles
bd39896c-b7a6-4096-a863-85bc4d3710a1,Nicholas,Nguyen,stokesjoseph@example.net,Lithuania
b7be444d-59bb-408f-b6b1-5e72c5c630f0,Christopher,Aguilar,michaeljensen@example.org,Bhutan
85f08cdb-08b2-4086-b8db-7db25d647b94,Jacob,Lewis,evansparks@example.com,Togo
c4ecbab0-6835-41d4-bdd8-73ccb0ed3c28,Gary,Rollins,wlee@example.org,Cote d'Ivoire
28abcd91-8511-42ca-b26b-dcbaa660d798,Nicholas,Patterson,carterbrianna@example.com,Montserrat
fd7dd2ae-597b-4504-954d-ab17c3b36024,Elizabeth,Martinez,troy54@example.com,Djibouti
5ec446d7-38c9-4b3c-b6ef-d2758061392e,Angel,Lynn,heatherthomas@example.net,Faroe Islands
d2772b72-318e-4c9c-b8c3-07aff6a46e27,Nicole,Mayer,browncharles@example.com,Oman
1388fc27-3842-41dd-96a9-e1f4b725e513,Brooke,Myers,joshuadavidson@example.net,Ukraine
2c777b22-2eec-4ac0-a999-113113a3f49a,Karen,Alvarado,carolnguyen@example.org,New Caledonia
3205eedb-21b2-4102-a328-7ba710c54324,Ashley,Scott,smcknight@example.net,Lao People's Democratic Republic
9ed5da49-3613-4518-94de-583d901b2028,Robert,Benson,clarkandrea@example.net,Chad
a97de10b-3909-41e3-91d1-4390e7ea9fdd,Richard,Velazquez,freese@example.net,Nauru
c4fe7574-964d-48b1-957a-97a728fed140,Andrew,Jenkins,philip59@example.com,Montenegro
dd5bc77e-2e86-45f9-9531-081f3a9511a8,Brian,Lucas,stacey04@example.com,Western Sahara
f26f9c17-fc61-478c-aaf7-9bded87ea629,Tony,Wilson,alexandershaw@example.org,Spain
7cac95a5-8ef0-4921-bbb1-1cd093442cc1,Marc,Watts,jmoran@example.org,Mexico
02274d71-24c7-46c3-baaf-e147c7be77f8,Kristen,Bird,sparsons@example.org,El Salvador
f0f441b6-4605-4e90-8747-59a0414de801,Christina,Mckinney,henryeddie@example.com,Kazakhstan
edd15747-f522-45d2-a59f-83196cbcabab,Joseph,Johnson,nicolejensen@example.net,Chile
44624c52-ebf1-47b6-9545-815d0bd08419,William,Snyder,ywilliams@example.net,Aruba
55128751-cf4d-4223-a2cf-50003063a786,Don,Myers,singletonmary@example.com,Mexico
9f08596e-3700-4834-a2af-af084a6a5672,James,Davis,moralesbecky@example.org,Gabon
35e658ec-fd63-445e-b4ee-1a78f001f644,Danny,Haley,ryan13@example.com,Peru
c2ec239d-0000-4bb3-bbb2-605bb3d3388f,Donald,Park,denise66@example.net,Guernsey
222012e0-a008-4747-ab68-4680717fb7e8,Sarah,Marks,courtney60@example.net,United States Minor Outlying Islands
360cc98e-7efd-4434-b874-45b168269de6,Charles,Velez,tamara94@example.com,Iran
0602e722-7de1-4522-9469-14c0d7c42b9b,Kelly,Holmes,reneeolson@example.net,Australia
1e303f70-0a94-49c2-a54d-bd67cd79ec71,Patricia,Matthews,hjones@example.org,Sweden
2422aacb-1827-4024-8cf8-24a4587770e3,Thomas,Stephens,robinsongregory@example.org,Aruba
ee9077e5-c885-4dc0-8611-3aa1757a66b0,Beverly,Maldonado,erin29@example.org,Bermuda
27c274f6-7e5d-43fc-bc7f-446ed6bd95e5,Amy,Owens,brandongreer@example.com,Niue
66bed07c-2385-4b98-a897-32106b07823c,Mary,Johnson,anthonycurry@example.net,United States of America
35c81112-1ede-4474-9e50-4fb4ebfc59ac,Hannah,Gonzalez,tlittle@example.org,Guatemala
3c212687-0180-444c-a763-e8bc3eeea4be,Tammy,Smith,kathy29@example.net,North Macedonia
6a5c2308-f8d6-4d17-a1d4-41114efe45d4,Eric,Ewing,victoriathompson@example.net,Georgia
37e87ba2-a4df-404f-bf10-74e4997c7a5c,Wendy,Alvarez,michael93@example.com,Mauritania
b6d4ae04-e037-45a0-b7a9-9f434f881fec,Samantha,Johnson,robinsalazar@example.net,Brunei Darussalam
42bec98e-0c8d-4edc-8f34-f9e9f097c7f5,Jennifer,Garrett,cruzjoshua@example.com,Bhutan
628f30db-57ad-43fd-a894-d047ad1ab9e0,Marilyn,Nixon,yduffy@example.org,Kenya
afdedeb9-a8c1-4f90-94b6-4d71751d3a35,Robert,Green,williamsbradley@example.org,Haiti
2c3120b0-691b-41d2-b079-19b9efd848eb,Jonathan,Singleton,cookjohn@example.com,Cambodia
adf2493b-cc39-43a3-945b-30dafa8fe90d,Derrick,Smith,ygallegos@example.org,Cambodia
f49cd740-2f97-4898-8a8a-fa96ceeda99f,Linda,Nguyen,timothyduke@example.net,Poland
94396907-7b0d-4ce0-882a-f19bbf45dfb0,Teresa,Hall,joel44@example.com,Comoros
c9ad37eb-a344-4f9d-b005-d6f3841a25dd,Destiny,Weaver,johngardner@example.net,Maldives
88c6e445-08ad-4e68-b1bb-daedc2cc314f,Bonnie,Ward,ryan12@example.org,Liechtenstein
774737a5-1e72-4f20-8c02-62ab4353db12,Karen,Ferguson,brittany43@example.com,Montenegro
e403ca2e-0ab4-4e10-b31e-07d1aa5961de,Edward,Perez,aliceandrews@example.net,Greece
a5c385a4-9279-42f6-8399-eb6cc645674b,James,Gonzalez,lbuchanan@example.com,Gibraltar
c3d66d82-5d34-4174-a57b-19fe23c9a929,Devin,Reed,kristi97@example.org,British Indian Ocean Territory (Chagos Archipelago)
745480cc-d1c9-4cd0-874d-54a7ef15e548,Joshua,Wade,natalie40@example.com,Czech Republic
70478ba7-1642-4624-8f54-da8f1807d9f1,Sherry,Rodriguez,butlercassie@example.com,Cuba
8adc6460-4078-4f53-aab2-66fab7072c6f,John,Romero,amy61@example.net,Monaco
35d7adee-7e65-4703-b3ab-b9bb534dc1ae,Lawrence,Vincent,patrick29@example.org,British Indian Ocean Territory (Chagos Archipelago)
8e51c1bd-aaa2-4348-992f-33ab31f5cb45,Joshua,Garrett,yallen@example.com,Aruba
a04bc917-e5a5-4597-92ad-0fd7509db907,Renee,Stevens,deborahcasey@example.org,Indonesia
35a09e1c-f6a6-4072-9eb8-45af883a3b57,Charles,Dunlap,muellerkristin@example.com,Mauritius
8ce37f8e-593a-4176-a74f-c97bd98cb99b,Brandon,Chapman,johnsongwendolyn@example.com,Cyprus
aea764ca-49e9-45c8-a1ee-da631755fde7,Nicole,Navarro,nramirez@example.com,French Guiana
ad07d53c-eadb-4975-9ecc-0165ceb8463d,Anthony,Thompson,cheryl06@example.net,Paraguay
e3137b5e-5e73-4fb1-811f-433c532a19eb,Sandra,Duran,sbridges@example.net,Slovenia
a89cf0b3-1978-4c18-8ed4-96de37235e99,Justin,Fox,odonnelldarryl@example.com,Cambodia
e16523b0-cc26-495d-9736-422e63cf7de6,Joyce,Watson,kaitlinmoreno@example.net,Gabon
f18f52a5-d80d-40c0-baf6-b74265806871,Carolyn,King,sandra38@example.com,Portugal
244f4f3a-ec37-4c2c-887d-4505c58aca0a,Xavier,Taylor,gbryant@example.org,Guernsey
65d3f62e-2e52-4dbb-a09a-d279bae5bc74,Joshua,Morgan,jeffreywoods@example.net,Benin
3af2946b-2947-4594-9a49-a011c49156b8,Aaron,Benson,daniel18@example.net,Djibouti
ec15967f-f9c0-40d0-a561-2a5472243ac5,David,Stone,mario16@example.org,Tokelau
d1af2001-8858-431a-a080-0ef16219084e,Charles,Haley,teresa07@example.com,Tokelau
4ddd5e34-a72f-41d7-a68d-a4979cf9c1bb,Kimberly,Goodwin,jonathanmartin@example.net,Montserrat
90094d3f-2002-4b64-87bd-eb40a6feb67b,Mark,Bennett,patriciavaughn@example.net,Nigeria
85ad90d4-9b8f-4de8-8ffd-0b0408341bbe,Ashley,Perry,gregoryanthony@example.com,Serbia
87efb3df-0e7f-4ea0-b470-e9c4c7d36b5e,Anthony,Herrera,yjohnson@example.org,Ethiopia
d1f611a4-1740-4a02-a779-eba0c6a5fa11,Nathan,Burton,perrychristopher@example.com,Oman
b7b5490a-9967-42a2-9f84-c143d17a3e25,Cynthia,Soto,debra19@example.com,Cyprus
6488c0e3-cf03-411e-afe7-ce0b413b4789,William,Case,zpowell@example.com,Guam
5ec4d59f-e15c-4c12-83a5-d6afd45a60e1,Shane,Johnston,orivera@example.net,Angola
d50e309d-b34c-4e40-867a-18f7543b458d,Adriana,Blake,wilsontimothy@example.net,Kuwait
b6461559-d736-47cc-b3c0-8807df9c28bb,Justin,Thomas,melliott@example.org,Jersey
01cd5737-9032-4d0e-8687-7aed9b0a8df8,Kristen,Gray,rochapatricia@example.com,Germany
5887f7f9-500d-4b69-894c-809a32c6219e,Chad,Tucker,rogerskevin@example.org,Brunei Darussalam
568349f9-d855-4851-8e11-d6765f5d0612,Christopher,Page,patricia08@example.net,Belarus
6c0db11b-4704-4534-989f-4d8ac88d44aa,Elizabeth,Salazar,james31@example.net,Eritrea
aff9006c-2ae8-4b80-a30d-2bff20dc8963,Robert,Martinez,williamsonanne@example.org,Lao People's Democratic Republic
3f4c9c61-df9d-42c5-afc9-56576f2ceae5,Kimberly,Cowan,sarah21@example.org,Cote d'Ivoire
96eb8a90-548c-4e8d-a6aa-5a203c43c4a9,Kenneth,Cummings,george89@example.org,Guatemala
46b1b929-f8b0-4578-bb9d-9484057ec665,Kyle,Ashley,mcdanielmichael@example.com,Guinea-Bissau
5523d209-665a-49cf-8ee9-49992f3ca642,Joseph,Delgado,michaelbrown@example.org,Central African Republic
e31d4da3-3905-4fa0-909a-1f7b5f45f2fa,Susan,Herrera,douglas67@example.org,Uruguay
c333bc0b-5085-480a-a21a-52b225f1aab6,Keith,Allen,fli@example.net,Djibouti
9f5551a7-022b-42b0-a1cb-0ba6e9a2f51b,Adrian,Ward,alexander39@example.net,Trinidad and Tobago
80908941-80ca-497c-99d4-d926424782a9,Valerie,Pollard,jbernard@example.net,United States of America
0e4e7ed3-c8a9-42dd-b207-e9d2ee0df3c4,Zachary,Dalton,uhenderson@example.org,Ireland
5c0382c4-1f00-4456-8032-59645970cce7,Dennis,Williams,hernandezjohn@example.net,Botswana
70dfa908-b042-4885-8b56-16c7185dfc78,Miguel,Pierce,jamesjulie@example.org,Brazil
38985091-7e4e-472f-9992-05a1d372b2cc,Melissa,Cox,toddtasha@example.com,Hungary
23d8e446-1943-4d64-b2e7-20417e4e9405,Helen,Cook,erinbass@example.net,Taiwan
6e2d46be-364c-42f8-a7de-cf25d4f36308,Kimberly,Caldwell,carrollalexis@example.com,Bangladesh
a723b636-a7b7-4af8-a2ba-e7e1dd36ca04,Ryan,Wilcox,johnsonsteven@example.org,French Guiana
82231d5b-25a2-4284-a35d-cfd0424066c4,Dawn,Scott,aliciajames@example.net,Anguilla
05e45ae3-deca-4304-ba9b-d5be4074567f,Morgan,Moore,alvarezmatthew@example.net,Trinidad and Tobago
84dcbe7f-8cf5-4b2b-a3cc-f4ca3feab01c,Kevin,Blair,trubio@example.net,San Marino
ff4cc28b-842d-4d89-a468-23a3159e00f5,Toni,Taylor,claudiawhite@example.org,Venezuela
ee18f4a0-053e-4b33-af3c-9298a654c1a8,Cindy,Morton,alexis37@example.org,French Southern Territories
22096346-2d1c-4613-a222-5d8a7c2e2525,Alec,Barrett,amandabennett@example.org,Bermuda
b505c4e3-b663-4d00-a32a-4d39dde31588,Matthew,Pierce,jeremy24@example.org,Saint Lucia
e6f7951d-c044-40ad-908b-65407c70876c,Mary,Joyce,harrismiguel@example.net,Fiji
f576f649-ad19-4311-94f4-077613394918,Kimberly,Murphy,melissaanderson@example.net,Georgia
09ce0b15-a5f8-4831-90da-a15d0aa24c05,Mark,Lindsey,samanthawalsh@example.org,Austria
18c486b0-2fa9-4da0-8136-52daad4deccf,Jesse,Jones,pgrimes@example.com,Liberia
ab5c2321-ef56-4242-8912-c0afe74e3d8b,Alan,Mcconnell,nealheidi@example.com,Canada
5f42d364-6903-43fc-8bba-11ec1b9207ea,Tiffany,Wright,caldwellangela@example.com,Uruguay
df3a5985-cb30-40b5-ac2f-9327a64a1ca1,John,Berry,ruthlittle@example.com,Martinique
d8b13dfb-0cbc-4b14-aa42-5c515737b1d8,Melissa,Moore,jessicasullivan@example.org,Liberia
bcf59dc6-a0a2-450f-8275-1433ab3864d3,Elaine,Jordan,shanebridges@example.net,United States of America
b7aeb6ea-038c-400f-9171-eaa04aad19f6,April,Robbins,rodriguezann@example.org,Jersey
313a4351-251f-4a22-9591-396416b39981,Anna,Macdonald,cweaver@example.com,Qatar
de197dd6-d438-4c00-a902-7dc5e98bb21c,Ashley,Montgomery,carolyn30@example.com,Brunei Darussalam
454eb7e4-a32a-4f32-9f90-4f0e24d9ee6f,Zachary,Williams,joypatel@example.net,Congo
1dac4125-e582-45de-a419-d59a7720850f,Richard,Ramirez,jeremiahcharles@example.net,Bermuda
c719193f-fddc-4d72-83ae-bc685d7dd43f,Anthony,Carrillo,paul08@example.net,Suriname
90c8c6b6-a88b-4a2f-a679-1e1497d07269,Andrew,Lyons,leeraymond@example.com,United Kingdom
668cfec5-8541-460d-8b58-10db972854a6,Kelsey,Lambert,jacob71@example.org,Christmas Island
00850af7-883d-4396-8f2a-962f57e22dbf,Ashley,Peters,elizabeth91@example.net,Indonesia
f437b550-3a14-4bbb-8984-eb785acecf87,Michael,Werner,ynguyen@example.net,United States Virgin Islands
91b9bc9b-f3b4-4410-8941-1acea79ff0f8,Michael,Le,christopherbridges@example.com,Spain
c1d326b0-af43-4d9e-8d48-2727b8a14229,Daniel,Curry,darryllee@example.com,Venezuela
f151fc41-c6c1-413a-bd3d-7182f8755151,Maria,Williams,amanda26@example.net,Saint Kitts and Nevis
2e1c7bc4-4a44-4c9e-bf30-19a726ab7d5c,Kerri,Butler,carsonandrew@example.com,Nigeria
fc47b1a6-7c9f-4b40-83cb-459775e75ba8,Mark,Williams,griffithjohn@example.net,Australia
99100744-7df6-4a06-a4f9-507887823d99,Caitlin,Sexton,joseaguilar@example.org,Brazil
d50760fd-a162-42fa-afbc-78bb98e69988,Jeremy,Cooper,stacey63@example.net,Slovenia
74a04eaf-a3bb-402e-9bf9-e676cdd8cb9f,Jason,Fleming,floresterri@example.org,Andorra
b720c573-6967-4961-bde8-4efe7d9dbc55,Jenna,Robles,lhoward@example.net,Mauritania
47f5084d-a972-4ade-87c5-ca3a6abbf0b3,Allison,Haley,pollardzachary@example.net,Guam
6a8dc1d9-6330-47b8-a56b-2e5cf8bc89eb,James,Austin,jwagner@example.net,Chad
8fdf0053-5ca0-441a-94ea-552ae90314f6,Destiny,Andrews,laurawoods@example.com,India
92f5cf77-00e2-4056-8c90-551f7664e85a,Jennifer,Robles,johnsonjustin@example.com,New Zealand
ac316bf5-eca8-4234-811a-d0fec51921ba,Chad,Lewis,robertcruz@example.com,Thailand
1bf2ef31-2ccb-4693-8dd8-e69d826221bc,Andrew,Curtis,katherine55@example.net,Jersey
827e504b-4d87-4288-98f2-2bce0dd7477b,Audrey,Bonilla,vhale@example.net,Kyrgyz Republic
d2e01888-1ae9-4567-a07f-e0f57fbb8e75,Jeffrey,Harmon,fwalter@example.com,Lithuania
746aefe3-9446-4422-b094-895571d00093,Cassie,Nelson,phyllisgeorge@example.org,Aruba
9c816087-bd1e-45b7-9999-fee38d2d8b21,Alejandra,Donovan,kreed@example.org,Korea
f40b712e-0d2a-4851-8dc6-81fb50536719,Bailey,Rodriguez,theodore55@example.net,Tanzania
9bf3fe30-9aba-4ce2-82ee-b7a41f23dc90,Robert,Weaver,tallen@example.net,Saudi Arabia
f75bac36-3542-42e4-a822-4847ec045ec0,Paul,Smith,inielsen@example.org,Switzerland
a025ccd5-298d-4576-a167-0c7a4b0583b8,Calvin,Marshall,stoutlinda@example.net,Estonia
3b69ac01-cbb4-43b5-b513-837342cca7eb,Julie,Patterson,sandrapatel@example.org,Senegal
f6e36f01-04db-4518-8d29-1b24b13a3e86,Sheri,Stevens,ryancharlene@example.com,Saint Barthelemy
2171c4ca-af84-4929-970a-bd811e0e10d6,Dominique,Chen,brian45@example.net,Saint Martin
9edd733c-aac0-40a2-80dc-130bb134d694,Brian,Jenkins,donaldjones@example.org,Vietnam
62d30e75-233d-4c98-a500-72cfa37a3cea,Cynthia,Davidson,jaredthomas@example.net,Botswana
e0f4133e-4084-495b-bc5a-d3b0822f0568,Patrick,Flores,ale@example.com,Guyana
76a18065-16af-476d-ad97-e513d6c148cd,Danielle,Gonzalez,daviscarol@example.net,Pakistan
d27e6c08-fcd5-4bff-ae1d-0e102297cf7d,Robert,Hicks,mitchellshannon@example.net,Martinique
cc7da35d-3955-427f-ac68-537689dece5f,Susan,Garza,fherrera@example.org,Ecuador
33a0b9fb-1a1a-4b94-bd13-dda0374a4876,Nicholas,Ramirez,mwest@example.org,Oman
3937866e-e007-4954-ab59-95c2ce7ac221,Lori,Adams,connermatthew@example.org,United States Minor Outlying Islands
b505dfd8-4d48-4e79-8def-3765bef0889c,Ashley,Ross,thomas11@example.net,Cuba
ec107ebc-2c04-4a0b-9179-77bfff5a8b1e,Matthew,Armstrong,terriholland@example.org,Somalia
ddbaf5e5-e0ac-4765-b768-5becf6498fca,Joseph,Cole,caitlin88@example.com,Germany
4348933e-b7e6-48b9-bf01-f475de7e2124,Jennifer,Moore,melissaharper@example.org,Albania
74d4a045-f456-4022-830b-15895f5b2694,Justin,Savage,hopkinschristina@example.org,Ethiopia
b037e2c1-4191-4338-985c-a9fa7b6ee6d7,Ann,Avila,dlewis@example.org,Bosnia and Herzegovina
ecb653b3-931b-487c-84ce-fa7521197d89,Daniel,Mccormick,bclayton@example.net,Saint Martin
5157a95b-069c-4d5a-af56-bb9d69f5184c,Alexandra,Mcdaniel,susan83@example.org,Barbados
cde08190-1355-487f-ba1a-e83269872ae4,Kenneth,White,tinasosa@example.org,Norway
760431fe-67f2-4c20-925d-37707c1d3b5a,Joel,Munoz,sullivannicole@example.net,Andorra
34fd16fa-4ea2-44f0-b538-01c4eb4300e4,Nicholas,Hughes,ejones@example.org,Germany
3dc11186-e016-4e98-983f-678c105512ee,James,Brooks,danielmurphy@example.net,Brazil
be91b4dd-29b1-4709-8c07-d34986565a4f,Larry,Villarreal,bjohnson@example.com,Heard Island and McDonald Islands
0c0b3d97-1a53-4460-91b2-7ce27411cd66,Rebekah,Patrick,eflynn@example.com,Botswana
8a0405bc-b252-4e90-9df6-6461d7942ec5,Erika,Schmitt,kathleen61@example.com,India
b5fbbbf8-89ca-434c-a2de-a6861d75fef2,Richard,Williams,ibecker@example.org,Chile
7f3a7b1a-3693-44e5-b265-a81883f82251,Carol,Lawson,kperez@example.org,Namibia
e6993e4a-b5d0-46f8-911c-c991f4e2c074,Kimberly,Ibarra,grayricardo@example.net,Jordan
9e2daca5-4fe8-42a6-943f-81455983a807,Sandra,Henderson,chelseamiddleton@example.com,French Southern Territories
c539a79f-78fa-4061-b163-7e7f8c1711ec,Lori,Stephenson,zacharykramer@example.com,Guyana
e298e3af-298f-4ae2-bc48-fb19b6b0c699,Matthew,Young,matthewdelacruz@example.com,Guam
b08e1dc7-5d39-4690-8494-da7ee49b7440,Manuel,Silva,natasha35@example.net,French Polynesia
f1e29600-ee13-476f-93f4-1535be788418,Robert,Wallace,rodriguezjeanne@example.net,Denmark
03a7a2ca-6d01-414e-a2bc-e0c7df7c704c,Jessica,Hopkins,jennifermartinez@example.net,Saudi Arabia
f4cc6de6-b514-49c5-987a-b1e0038e7b51,Anthony,Burke,michaelaguilar@example.org,Costa Rica
7240e103-d5b5-463a-9296-3ba305aa622d,Karen,Mckenzie,jgutierrez@example.net,Cyprus
7289b185-8d54-428c-a85b-d3f54c861fcf,Jessica,Martin,ingramjames@example.net,Cote d'Ivoire
a4711633-a4c0-48a9-a6b0-47f968865282,Andrew,Thompson,gmiller@example.com,Estonia
4ebc35aa-7caa-441e-bf60-75367613a3b0,Stephanie,Harris,petermitchell@example.com,Vanuatu
333bdb44-f3de-4b88-82b2-14b00fd04154,Dennis,Estrada,harrellmisty@example.org,Kazakhstan
f619f53e-f0c6-4774-b761-e4c272abfbe4,Sharon,Scott,amandahowell@example.com,Australia
200b5313-4062-4f3f-b68e-f55382545aa2,Mark,Harrison,xrobles@example.com,Guam
f1205341-8394-4007-9c68-ce25d9b79a87,Vicki,Johnson,bakermegan@example.org,Reunion
9fdc54d9-d949-41c6-b162-3efe0994d379,Michelle,Thompson,torresalexander@example.net,Germany
2672063b-38ea-4d79-b147-305d96f18af7,Morgan,Noble,angela06@example.com,British Virgin Islands
b4153f70-2c83-4028-8bee-f25d6f97a2fc,David,Sanchez,hawkinsshelby@example.com,Malawi
916e6bdc-cefe-4221-aa90-d6b240ccd0af,Amanda,Taylor,seanmitchell@example.org,Tanzania
64f2a902-8451-4e81-9dc2-56391c74307b,Emily,Chavez,stephaniebaker@example.org,United Kingdom
6edb64be-0df4-4e0a-9c63-fd1864f12bd2,Anthony,Thompson,sheilacarroll@example.org,Mozambique
2dd0ff51-1702-4607-9fb3-1b914da2aabb,Gary,Harris,gjones@example.com,Isle of Man
9770cc4d-8f42-4c79-9a43-352870a52024,Randall,Smith,laurabradley@example.net,Netherlands Antilles
3cbf31d0-4b9b-45b3-9892-cb6ea6d7fdc5,Jeffery,Bowman,uwilliams@example.com,Philippines
e5e8056e-7c78-4f93-84a8-fa2eea6c1639,Julie,Perez,tclark@example.com,Saint Pierre and Miquelon
a2fc4602-513c-4ca3-acd7-840fe8fea26a,Rebecca,Davis,olsonsara@example.net,Martinique
804a9283-49cb-4837-a89a-6c06fbc332dc,Alexis,Brewer,stevensgeorge@example.net,Samoa
ec29359f-a8ae-4f7e-ba81-eff2a5a688e8,Connor,Flores,aimee93@example.com,India
06b5261f-7844-45db-bdb0-0b68efb8787d,Stephen,White,anthonymoreno@example.org,Iraq
f84d34d8-0b8d-4bcf-95cb-e0b7443a199b,Matthew,Gonzalez,qcarr@example.com,Madagascar
beb77219-3046-421b-90d9-f29cc15bd5b6,Penny,Mills,nicoleellis@example.net,Spain
106b893c-92cf-499d-826c-7149b1bae8d5,Savannah,Ramirez,shamilton@example.org,Japan
17f31feb-f0dc-4215-8ab9-cb8c5837fa5c,Joshua,Craig,gregory17@example.com,Colombia
7f6dea9c-207f-438e-8e0f-9a9a195069c5,Matthew,David,vincent86@example.com,Uzbekistan
f4e47e7e-5afc-4123-a016-6a81b40fe198,Carmen,Nelson,hoovertaylor@example.org,Switzerland
5ba00477-94d0-461c-a040-2d75ac5dc997,Matthew,Chaney,eric53@example.com,Guyana
508e7484-68fa-4198-adc9-9fac149fe21e,Daniel,Newman,charlesgregory@example.com,Korea
0473aeba-8e64-4490-b30f-41598da93295,Dana,Brown,muellertimothy@example.net,Peru
2dbc1bb7-372b-49ee-bde1-e3db56fee961,Charles,Smith,travis83@example.org,Sudan
27e9ea0c-4dc2-44d9-859c-2611ccf7f4d7,Virginia,Galvan,jonathan31@example.org,Slovakia (Slovak Republic)
d3407f70-e2b8-47bd-a590-183e398b5a61,Jay,Adams,iwilliams@example.org,North Macedonia
b9101f05-4b6b-45e4-a561-5678e9aa582e,Julia,Peters,qpeck@example.org,Singapore
9090245a-e4ee-40d7-aac0-413416f5affb,Lauren,Lopez,pconrad@example.net,Brunei Darussalam
92058c9f-c866-453d-b98c-435cec5e8b66,Melissa,Bright,dustinnelson@example.net,United Kingdom
061a5a5d-989a-4bbf-988e-0159465b79bd,Dana,Duran,mcdowellchristopher@example.org,Luxembourg
f623f601-d2a6-42ae-97be-2bfbc275f61b,Tammie,Hudson,ericacooley@example.com,Somalia
b856c2c9-3743-414f-a5b5-8d054aec38ca,Robert,Perez,craig04@example.org,Seychelles
4c24639e-437b-4f89-ab4b-1ff722b66c1d,Larry,Salas,denise29@example.org,China
2d7a1bba-ee9f-472b-9b4b-fee4f02a8768,Michael,Pittman,rebecca42@example.com,Nauru
9c956528-7e07-4352-9e33-529279d85781,Erica,Spencer,rbell@example.org,Isle of Man
8ec61653-7853-4a79-8b1d-0ae1ae1f8b12,Denise,Miller,pgraham@example.com,Togo
043221c4-9328-42ce-922a-fe8c945a9fd8,Zachary,Arroyo,skennedy@example.com,Saint Martin
8113ce72-8c3c-448e-8ca4-5fa715c0534f,Lisa,Barber,jcook@example.net,Marshall Islands
37f914f1-e990-4872-82bd-5bec08631c65,Joshua,Hill,shortjennifer@example.com,Cyprus
9edab98a-a050-4ab1-b700-40377d2e58c3,Elizabeth,Phillips,david74@example.com,Gibraltar
d31d3fef-ba26-4d3e-b672-6a4dc9a82dde,Anthony,Hall,jeffreycollins@example.org,Mayotte
16d2b53f-707c-4832-bb97-e6fe7deb0f1a,Deborah,Brown,scott03@example.org,Malta
07f81cad-29b1-406b-a26a-24451b862b66,James,Bryan,ohoward@example.net,Sao Tome and Principe
e260d168-2b80-47d2-acbd-2b206369750b,Craig,Johnson,kim28@example.com,Saint Barthelemy
37e0d200-7512-46c7-a7f6-02a25baf72ab,Valerie,Miller,barrycarolyn@example.org,Micronesia
e00c1c74-f0bb-4465-87b9-d5bcafa122cf,Lori,Porter,fernandezgregory@example.com,Libyan Arab Jamahiriya
b68b5f2d-9746-445c-ac22-f205cbffa9f0,Shaun,Higgins,turnerjohn@example.org,Saint Pierre and Miquelon
9ea3d05a-64d6-4fa7-b2d6-89f5d3a70496,Deborah,Rodriguez,tinamorales@example.org,Guadeloupe
280f06ba-8ca9-482d-bfa7-96234de6d2cf,Stephanie,Meyer,blevinslisa@example.net,Somalia
0bab41b0-3870-4cf8-96b1-6ac9fb5214e2,Raymond,Wong,barkerdaisy@example.org,Angola
783ee9e7-c370-4626-a153-68560405c28b,Richard,Cole,littlemark@example.net,Monaco
b4f0f390-c8a0-465c-a2ad-b4c9e5e1c1f7,Derek,Lee,marcus74@example.com,Aruba
4c96c2fb-04bc-4a66-b8e7-007db90b663c,Penny,Davila,raytaylor@example.net,Trinidad and Tobago
49877241-6cbe-49a4-8313-9702b05cfcde,Christopher,Richardson,lynnduran@example.net,Sweden
385f594a-3c57-4734-91b5-e6ec723ad6eb,Albert,Lee,jesuslarsen@example.net,Kyrgyz Republic
5c63175f-c7ea-465f-8f16-5370ede94655,Andrew,Rogers,ashleyramirez@example.net,Tunisia
428104cc-4866-4103-b910-aad65eff28d4,Kelli,Oconnell,jblair@example.org,Tanzania
3dd0f85e-f5da-4b61-81fa-3295f4b3e992,Jacob,Anderson,christophermata@example.org,Lao People's Democratic Republic
950601ad-645e-4f38-888a-054d90a9f56b,Pamela,Lewis,millerjill@example.net,Germany
7127a2ab-7c3a-4c65-a040-5f2885cf4a01,Victoria,Reyes,carlygutierrez@example.org,Saint Barthelemy
61f702c4-d6ca-4b74-8772-dc6ebc675df1,Jessica,Brown,william30@example.net,Afghanistan
7ef9f529-dd51-4620-b9af-bc38ed84d1c5,Christina,Kim,eflores@example.net,Faroe Islands
024f080b-9bce-49ae-95c2-7b16945aa181,Cindy,Hanson,johnmann@example.net,American Samoa
fc34041a-74da-461f-9813-cb173c35afd2,Jacqueline,Simmons,waynegreen@example.org,Marshall Islands
fac7ede2-d5c7-4b31-a340-f74a38207718,Brittany,Harvey,marc24@example.com,Martinique
0e3724f5-25cd-476b-9d69-fc6cf3357c2a,Sean,Thomas,michaelfinley@example.org,British Virgin Islands
4e4cf931-a4f8-4791-9006-6a8f3e8bdac9,Elizabeth,Thompson,melindacurtis@example.org,New Zealand
e1cc5045-8949-4c47-850c-ad03360c66f0,Susan,Bell,crawfordcynthia@example.com,North Macedonia
b57b57d0-34aa-45e2-b6c2-c652300a608f,Sarah,Smith,kimberly41@example.net,New Zealand
c504ce11-94ea-46c8-b297-88b42363bd33,Aaron,Kelly,myerskelly@example.com,Macao
0c59b707-562e-4ae7-b732-f1c0a339ab6c,Michelle,Mclean,nathanmoore@example.org,Senegal
6b3fcc1b-7ea7-4d74-9d0a-7a664c7487da,Nicole,Fisher,amanda02@example.com,Cote d'Ivoire
34679fcc-ab5a-49de-95bf-00060997a8b1,Mary,Stevenson,jeffreyodonnell@example.org,Ecuador
b083feb5-9020-4f91-b728-e75e7eac945b,David,Anderson,janet52@example.org,Lithuania
3e52e15f-9a1c-4a6f-9369-e7660c463f0c,Ian,Lyons,usingleton@example.net,Angola
640ec0ae-c93e-46e2-9e22-3f949ba762f7,George,Collins,barbarawaller@example.org,Guinea-Bissau
09c79892-8521-45be-9762-c854384235b3,Mary,Mcmillan,erica76@example.com,Saint Barthelemy
0acb7999-bd20-45d8-9955-3c954d256db1,Kristin,Fisher,hescobar@example.net,Bhutan
735de4d7-191d-46f7-a3e2-dee3435372ff,Steven,Green,nicholaswoods@example.org,Kuwait
3b86648f-9e38-4ca3-a03c-2939d0193e96,Nicole,Jones,mandy58@example.com,Vanuatu
f07d8d31-5a15-4726-bb4a-f0a8699e1bde,Leah,Reyes,villaheidi@example.org,India
ecb6df1b-6c50-419e-a670-40a71f0905cf,Melissa,Johnson,stevengreen@example.net,Angola
46a1c90b-e58c-4293-adbc-43805441f052,Kevin,Morgan,james53@example.org,Mongolia
26c2c4af-dd3c-4f2a-8a23-eade7224bfdc,Lydia,Hall,robinsonbryce@example.org,Maldives
57630ce5-2f3e-49a4-8857-8e57ff787234,Belinda,Shaw,michelle52@example.net,Martinique
efb05b09-11ac-49eb-a727-d6add0e3571e,Sandy,Scott,elizabeth00@example.com,Mali
e62231be-e433-4a73-8f4e-f5ddd81cb86b,Larry,Davis,staylor@example.net,Indonesia
72a9beaf-ba02-47c9-9007-b25d5efc0126,Craig,Johnson,yshaw@example.net,Guam
8e8e700f-b298-4648-a70d-fe0020931eae,James,Richardson,wshelton@example.net,North Macedonia
43a74556-1343-473a-87ec-a25cc2ba3598,Kenneth,Fisher,jestrada@example.net,Lao People's Democratic Republic
29937d7e-4932-482a-afe7-81633c881a14,Daisy,Grimes,nicholas85@example.net,Papua New Guinea
d18d2ddf-9d3d-4e60-92a7-7984ea724c56,Carrie,Wells,paulwilliams@example.org,Argentina
e99d7a8b-7bb7-47d2-917c-ad1b7317fa4d,Maria,Wells,petersenjames@example.com,Guinea-Bissau
c6be6a6f-3380-4ef7-a946-55caa7a2b3a7,Brandon,Long,mfischer@example.com,Maldives
1ef2084e-173d-4e0f-a0bb-2e262a777689,Jennifer,White,oabbott@example.org,Afghanistan
a13921c9-39cd-45e2-8179-82271c5efc8c,Travis,Jenkins,amandaharvey@example.org,Djibouti
05f1fe72-78f2-4543-ab46-34da13d3d134,Tyler,Miller,benjaminobrien@example.com,Uganda
4df33b3c-5a86-47f0-9a77-0f381f65bd00,Mark,White,linda95@example.net,Palestinian Territory
b9c404b6-fdee-46ae-9379-e15efccf41a9,Adam,Marquez,grayeric@example.com,Canada
dac33a9b-9abf-4a13-b90a-8462c262fa23,Mary,Williams,kimberly28@example.org,Yemen
3da94d47-73ca-4ed1-8bd2-20ff97efb8c1,Susan,Russo,fisherjennifer@example.com,Vietnam
4e73986c-57f7-4ea8-bf7d-30f96891b529,Kevin,Aguilar,christopherwood@example.com,Bulgaria
711f660c-110f-4111-bef5-6372ed5885c7,Jacqueline,Sanchez,lthomas@example.com,Austria
bd2fb310-7f0a-40ce-965b-b43fca4761e9,Jonathan,Drake,pwilson@example.net,Liberia
44cf2f23-cdb8-4a2b-8ef5-b56179bb36ba,Dawn,Brown,millerdenise@example.org,Faroe Islands
0a2e1a16-6c84-4c75-bf56-4577b6750a26,Jessica,Krueger,ericparsons@example.org,Bermuda
661e74f5-e666-48bd-93f1-9e2a36bd81be,Stephen,Mcpherson,westmarc@example.com,Bosnia and Herzegovina
69f1a16e-99ba-403b-8753-d641dd327a57,Jennifer,Wise,cody29@example.org,Saint Martin
0f1660ab-79b4-412d-9aac-5222a6399c28,Matthew,Espinoza,branchriley@example.com,Iceland
a2394425-894b-42d7-b750-7c811bd5fa86,Tina,Grant,ryanyang@example.net,Pakistan
054c7dd2-0bb8-4835-b8d5-adac5a6b78a5,Charles,Powers,carrie91@example.org,Ecuador
09efe196-8b65-4504-b719-76fc70b02108,Casey,Kim,nicholas98@example.net,Greece
a6e4064e-d67f-4cfc-9c1a-6a67361553f5,Tasha,Ruiz,hollywhite@example.com,Gibraltar
c6e7b8cd-5606-4840-b608-79370d729c8a,Peter,Lewis,johnsonregina@example.com,Korea
23113d74-a6f4-4789-bbeb-f96867a06151,Barry,Meza,cgutierrez@example.net,Mayotte
7db20840-f77f-48e3-873a-947a3d11acdd,Heather,Watson,misty53@example.org,Liberia
6ea0f97d-d9c9-4d26-8406-5f5fdad8c39a,Lindsey,Hall,hernandezcody@example.net,Vietnam
c322ca1a-d372-455b-be6a-a7962c497279,Jonathan,Gutierrez,dwilliams@example.org,Martinique
3a55f53e-d3d3-48b3-b18a-c252add8eb7c,Mark,Brock,mcgrathgreg@example.com,Aruba
d42aaf89-1d8d-47fd-997b-7a08d2668942,Joseph,Perez,scottwilliams@example.com,Mayotte
0dd8f5f8-0bf4-4866-833a-e7616b01b835,Robin,Kent,woodsmary@example.com,Bosnia and Herzegovina
963fac06-3d4f-410a-aaaf-986dbea99b52,Randy,Morris,brookehartman@example.com,Russian Federation
be7d4874-0494-44da-8fbf-febd586c2f9e,Daniel,Perkins,jessicawilson@example.com,El Salvador
996ab529-d652-4e38-9f30-6211ac5d02dd,Lorraine,Johnson,salazarshelby@example.org,Belarus
91a217c9-4197-4343-8aa4-79f69fb087fe,Darlene,Wade,wsullivan@example.com,Tunisia
d88a3096-384f-4662-aa6c-efe727e6e3a3,Thomas,Little,richardlee@example.net,Zambia
43042908-4c54-4b47-a237-56b46f080faf,Christina,Gray,johnsonanthony@example.org,Panama
d401ac31-63a0-42f2-9084-7d0d7440d8de,Kathleen,Holmes,jeremy88@example.org,Thailand
22fcbfdd-02cc-4f60-a2b0-8408d634e702,Travis,Manning,jrobinson@example.net,Iran
d82116f9-db70-4235-83cb-750024b92e0a,Anthony,Hardy,rowens@example.net,Macao
22da9c7e-cbdb-4751-b6f6-8af107e9250c,Megan,Richards,jessicagonzalez@example.org,Mexico
32fb7879-81a3-43c5-8d75-52fcc90612ff,Marc,Massey,brooksjay@example.org,Guadeloupe
4371f3d3-a961-48a4-a608-86ea48d80c32,Zachary,Martin,megangonzalez@example.org,Bolivia
844d38ab-4d92-4750-80a6-c52619bdd39b,Sean,Flores,dhogan@example.org,French Guiana
1c62bb42-2861-4245-b7e6-6e5e31528054,James,Estes,ronald35@example.org,Cocos (Keeling) Islands
0f311cbe-252b-4224-ab9a-33117d729770,Sabrina,Mason,nicholasgregory@example.com,Kuwait
307e61de-9335-4286-8a94-3353d6cfd847,Rita,Stone,amanda98@example.com,Greenland
ca19e8ef-3409-4ba8-afed-b14777fb5115,Melissa,Beasley,laurenfoster@example.net,Italy
1d9ec43f-b24e-44df-82e8-beebfab8a7fe,Robert,Houston,knightlance@example.org,Kyrgyz Republic
ef8eb8db-c3b0-4264-82a2-7f36740ee13c,Deborah,Shannon,lthompson@example.org,Nauru
1c752167-cfb6-4f88-8f42-3b74076068bf,Jon,Myers,chaddunn@example.org,India
c9fb8b92-13dd-45df-84e3-a5ba573adc38,Kathleen,Ross,nicholas73@example.net,French Guiana
a413fa73-afb3-4593-a1ce-ac182e3e7ea7,Melissa,Jones,lancebrown@example.net,Malawi
e22c0617-1229-4118-9b45-12d5f292a826,Shannon,Serrano,tamara72@example.net,Tunisia
54223565-c50f-4ed7-bb9f-0bab15c599df,Ann,Little,ahoover@example.com,Netherlands Antilles
0252c272-5716-4cc7-aaf0-9310676429f7,Elizabeth,Brown,imiller@example.com,Bulgaria
982c7a81-4204-47f5-9cf8-46f87317fcbd,Kurt,Kim,fperez@example.org,Niue
253c2f89-963e-489b-a590-4d1ec34cf639,Veronica,Allen,dgraham@example.org,Saint Helena
a5e27607-7b8f-4da5-9768-94d8d49bae79,James,Stewart,mharrison@example.com,Rwanda
f120419e-7400-45b6-b02c-a79da1dac3dd,Chase,Banks,qedwards@example.org,Botswana
fe872f9f-960d-402f-bdd1-12d63903616f,Mark,Williams,ldavidson@example.net,Lebanon
b18c590c-777a-4d8c-bea4-2f2186a183e4,Tony,Dominguez,qhaynes@example.net,Czech Republic
f8135909-6297-4464-9844-af4055ebd5b1,Melissa,Miller,davisbriana@example.net,Ethiopia
e4d05c48-1692-4b45-8f39-f5c6811ec1df,Scott,Osborn,ricardoking@example.net,Congo
4d2a4a8e-482d-4ae5-b571-6d3b88887cfb,Kelsey,Herring,faulknertravis@example.com,Canada
290b7d28-00dc-4441-88f4-07ea617140d3,Melissa,Rodriguez,michaeljohnson@example.net,Saint Pierre and Miquelon
6278885f-e936-4e16-afae-90629b5ea3f4,Alan,Wright,kimberlylittle@example.com,Martinique
dca01689-98a5-43e4-b554-8581a6e8fcb4,Kimberly,Thompson,jeffrey71@example.net,Bahamas
1212ea1f-edf6-44ea-8275-176f4f1c5520,Alexander,Reed,eho@example.org,Tunisia
9401a0f9-da96-4745-a94b-6fd19a12dff2,Alexis,Wilson,ericwatkins@example.org,Heard Island and McDonald Islands
178ff78e-2821-4368-b3fc-983c4707bd69,Karen,Wilson,dicksontimothy@example.com,Mongolia
ba192190-befe-402c-8520-cfb45c311604,Sean,Riddle,michele94@example.com,Suriname
a0675944-3e3b-4aef-803e-324f865e4cc1,Scott,Ford,randy26@example.com,Sri Lanka
6b77a553-9252-4399-9ee1-996b298d6efc,Eddie,Hill,johnsonamanda@example.com,Wallis and Futuna
a5002400-5f52-4449-ab82-9409883c33d1,David,Blanchard,malik17@example.com,Serbia
9628aab4-473c-436c-9112-a338ab556fb2,Brianna,Robinson,manuellopez@example.com,Morocco
58be1b5a-b99e-489f-9a57-1e0b25b6b0c9,Melissa,Cook,djenkins@example.net,Belarus
19e2e235-8e26-4aa4-a3d1-82d276c7be55,Cynthia,Hardy,vbuchanan@example.com,United States Minor Outlying Islands
d3d03f58-d6c6-490b-98b7-18173cc82c0f,Brooke,Rodgers,billy21@example.net,Hong Kong
e6773201-b652-4513-83a9-e8ed5e56c763,Janice,Thomas,katherinecameron@example.com,Yemen
90a0feb0-67d9-4a39-b3e1-762ce424d09e,Robert,Shaw,martin86@example.org,United Kingdom
feddab25-54f5-443b-8a99-c99630d6fca8,Lauren,Perez,jnunez@example.com,Korea
39e9f214-da36-4c2e-8182-2b61ce951eb8,Jesus,Fleming,christophertaylor@example.net,Malaysia
7d6ed1bd-c143-492c-8119-321faa7fa4fb,Gregory,Thompson,shannon99@example.net,Argentina
cc0a4191-1154-4dda-a837-55af4953d4ba,Maria,Montoya,webbnicholas@example.com,Bermuda
3f0039cd-9ee5-4126-bd5b-d9659b8e7b6b,Cody,Guerra,makaylaheath@example.org,Qatar
72750ce2-9313-4f51-899a-b67c3d4d197b,Kyle,Wood,shieldsmatthew@example.com,South Africa
0630a928-7146-408c-be2a-cb22bb59e858,Danielle,Henderson,joe58@example.org,Armenia
5e325c8e-ddc9-4c9b-9eb0-623d191f1a5a,Julia,Cooper,philipfox@example.net,Zambia
f002d01d-8add-40f3-ab8b-a0b6902dccf6,Tina,Francis,shermanjason@example.org,United States Virgin Islands
fd9f60a3-ecf7-4ccf-b313-2eed6efc0deb,Michael,Harrington,scottjohn@example.com,Nigeria
6b280070-e0b4-4afb-92b3-ef53ec04a16d,Jon,Owens,olewis@example.com,Sierra Leone
401f48ab-fefa-4d4f-89b1-a3dea3d873ab,Sean,Smith,michellewatkins@example.net,Qatar
1cb01a35-e1f7-4488-b377-1ca93740e96f,Todd,Stewart,flynnanthony@example.net,Uruguay
8aae67cc-9f22-4e60-a93d-65d9f22a5ae6,Damon,Porter,ann83@example.net,Azerbaijan
afd02843-b9aa-4032-a70f-82e7f9dd529c,Lisa,Fry,myerscourtney@example.net,South Georgia and the South Sandwich Islands
678b9e64-9e4f-425c-b9a2-2ea6401bf37e,Erika,Sanchez,moraleskristen@example.net,Cyprus
9947a6bc-a06c-4039-8c0e-e41af324afca,Gary,Reeves,mcervantes@example.org,Germany
cc7d88e4-a0fe-4dbb-8d03-8b0ab24884c4,Scott,Ruiz,nguyenlisa@example.net,Malaysia
f1a3c7b6-da1d-49ae-a1d1-2d72e2f1d28a,Renee,Warren,stephaniewhite@example.com,Liechtenstein
c358f97f-dffa-48f7-b572-8cd46d839ec2,Linda,Baker,jordanrhonda@example.net,Lao People's Democratic Republic
4d1c7f89-5c75-4d03-a5e1-1738f209deb1,Eric,Erickson,john61@example.org,French Guiana
a9808e0c-ed6a-4d7e-bb07-6c917f00d04f,Matthew,Lozano,newtonjessica@example.net,Wallis and Futuna
8ed3b364-b49a-4138-bcc1-1f97adba4e00,Eric,Mitchell,balleric@example.org,United States of America
695d8d5e-14a8-4889-ad00-1abaaaee18ed,Christine,Rios,frank43@example.org,British Indian Ocean Territory (Chagos Archipelago)
6128936f-10a1-43aa-8d6b-b246829e7652,Stephanie,Mcdonald,traci50@example.net,Bouvet Island (Bouvetoya)
ca56b077-b236-4fe8-ae24-db6d9055f06a,Madison,Wilson,lmolina@example.net,Austria
c1a9f3f8-653d-4701-862a-6146fad16342,Pamela,Odom,kevin62@example.com,United States Minor Outlying Islands
4699443a-d987-4242-b8af-5d174f6c1e8f,Jason,Hall,alexandriaward@example.org,Iraq
92017752-353c-4a42-bf1c-c60f58afb5c6,Hector,Jenkins,robert81@example.net,Papua New Guinea
d9c75364-adba-48d8-8e76-6fae55915b80,Philip,Mills,charles34@example.com,Lithuania
957ed0a4-3cc6-435e-bc59-a9c4a7222b31,Brandon,Turner,sandyherrera@example.org,Saint Lucia
ff500ae9-a559-4f0f-9943-c26ddb3269e2,Victoria,Holmes,rtucker@example.net,Nauru
66090455-1476-4d3f-8597-0d656188c74e,Brandy,Fox,dannyharris@example.com,Cote d'Ivoire
ae4c5b62-c31f-4df2-ae2b-e669fdd10a5d,Brendan,Jordan,dknight@example.org,Syrian Arab Republic
03fede93-f435-48f6-b5ae-b931bb368240,Heather,Smith,nicole59@example.com,China
62b27880-8ebc-4c05-9b66-82edbc2c053b,Kelsey,Campbell,shawapril@example.net,Korea
da8b28fb-97b0-4835-ad3a-9616a8a7df86,Neil,Smith,mevans@example.net,Antarctica (the territory South of 60 deg S)
fa2ec6c3-fb30-46fd-a040-5b4128843c58,Anna,Duffy,tylerbeck@example.net,Slovenia
ae5eab8c-82ba-4477-9bf5-4f5edf31b1bf,Erica,Myers,mavila@example.net,Mauritius
90936880-a14f-4343-b9d0-8390c29c9168,Stephen,Hopkins,scottmills@example.net,Saint Martin
f34dbf17-8d28-4275-90c0-1407c6439b53,Christopher,Allison,garcialindsay@example.net,Saint Helena
800db802-6e27-4c05-9e8c-8b2a54bd0033,Jonathan,Smith,lfuller@example.com,Puerto Rico
f4fde970-2067-4d08-bbf3-c440693a167e,Sean,Johnson,shepherdkayla@example.com,Liechtenstein
dfc602a7-dc5b-4541-95ed-e54fddbc18fa,Matthew,Mitchell,millsjessica@example.net,Chad
c4631f6e-a998-4c11-b26d-60e9a367f975,David,Proctor,tshepard@example.net,United States Virgin Islands
8777ae59-d553-461e-84b2-987ccfca3c47,Glenn,Hall,tsullivan@example.org,Greece
c6877fa4-359d-429f-b006-05bcb1af0560,John,Hopkins,zweiss@example.org,San Marino
47057d14-3b5e-41e1-9f01-4e030610210d,Mary,Jackson,richardgonzalez@example.org,Lao People's Democratic Republic
a7e5a2de-0cad-4a0a-86d1-b913bc4210c9,Julie,Figueroa,ldavidson@example.org,Bermuda
34672256-6e3e-473f-bea5-e1de95a3c6c8,Kayla,Beck,hernandezandrea@example.net,Iran
1b8afcc9-5a62-4245-ba2c-23ae1d94d740,Charles,Warren,matthewmiller@example.net,United Arab Emirates
ef50c55b-a9da-4dec-bdc2-2258a72caad0,Michael,Bryan,mcdanielkaitlyn@example.net,Pitcairn Islands
29e73462-2fea-4879-92bb-00d68b21be9d,Judith,Patel,yjones@example.com,Belarus
b706b9d3-82ad-4653-8874-a4cd6dec1c29,Jennifer,Oconnor,ingrampatricia@example.org,Jersey
ee0449aa-0b71-4566-8137-1c52e76d079f,Timothy,Watson,leblancjames@example.net,Chile
a7a11378-73b7-451e-87f3-ddc3eb9cf310,David,Hernandez,perrywilliam@example.com,Liechtenstein
e4e617e6-d1ec-4399-b437-3efb855e3482,Amanda,Sullivan,adamsmike@example.com,Barbados
e4ed6ce6-129d-4351-8411-f8ada7651a11,Tammy,Stevens,john08@example.net,United Kingdom
540b83c3-9748-4a49-af91-a2b2f067b2fe,Amanda,Miller,daniel01@example.net,South Africa
9d5c6b63-86ba-49d2-9e19-598de7dd9b6a,Amanda,Villarreal,davismichael@example.net,Cook Islands
55a87c54-1490-4843-92ab-46968f8a5e7d,Kristin,Brown,amandakemp@example.org,Nepal
7b20abff-444a-4a08-9d52-d950cefac3cb,Benjamin,Sellers,zkramer@example.com,Pitcairn Islands
37b83766-a4af-4bf8-89c0-dc252779e7bb,James,Jimenez,spencer45@example.net,United States Minor Outlying Islands
e0cea1a2-efb5-44fd-9e94-a16bb364e344,Natasha,Sanchez,nathanmelendez@example.com,Switzerland
4cd92d26-a2c0-47aa-9516-91cf7b39bbf0,Monica,Warner,qmoran@example.org,Bolivia
180cb3e8-73b2-4c64-b90f-b9670679c041,Tami,Bell,anna09@example.com,Cote d'Ivoire
d908693a-f25e-4126-99e5-b25bef84846a,Linda,Flores,jwilson@example.com,Zimbabwe
a42af2e2-1080-4a4d-a02e-ce6cef71a442,Deborah,Clark,gary97@example.com,Lesotho
e87c4403-6682-49ec-ad74-c1a4ea5d4ea9,Richard,Hodge,davidfox@example.org,Japan
c91c3093-5ac3-4951-b940-6d0a88d6af7e,Christopher,Maldonado,christopher11@example.org,Italy
bf6da556-6cc8-4928-aa5b-4e6ff32bf9cd,Samantha,Sanchez,crystal36@example.com,Guinea
85a18d52-6424-4045-a243-4c2ff8793468,Johnathan,Jackson,vicki30@example.net,Tuvalu
1e5efe56-fdf8-4738-9dad-5bd4b055f1e1,Micheal,Hardin,allisonedward@example.org,Reunion
fef7ab46-16e1-4667-b059-7fc8e24d18dc,Robert,Holmes,tryan@example.org,Grenada
5ed1a56b-2e73-4b93-85ed-128b4484c862,Anita,Lewis,peter37@example.org,Belgium
5a5c114a-56e2-4586-a51f-802bc9e93430,Clifford,Robertson,brownkathleen@example.net,Bouvet Island (Bouvetoya)
d445b2eb-ed88-4e7b-b34d-fdc400393c05,Aaron,Williams,ruizpenny@example.com,Angola
4c2ce399-8bfd-40d8-8963-79f9657dfda8,Tanya,Atkinson,jerry11@example.com,Oman
e6078ca1-ef1f-4390-bebc-9873408d62bc,Natalie,Quinn,danielle89@example.com,Algeria
cc2023e1-55fa-413b-8306-55f4cab1339f,Stephen,Lowery,miarogers@example.org,Israel
7f93ac36-46d7-4d80-9966-6220970f05a6,Theresa,Martinez,rwest@example.org,China
55ac38a7-9d79-444d-8dfa-5b2056981627,Matthew,Gates,brittany48@example.org,Montenegro
977b7c2f-62ec-473f-9621-dd17c1ffa9b6,Duane,Weeks,christophertownsend@example.net,Andorra
150e96fc-05cd-4d16-954b-f8df7bfe3bff,Jeremiah,Jackson,katherinewalker@example.com,Georgia
30c89cc6-72f2-42f1-91c7-68821f64bdd6,Rita,Bennett,suzanne36@example.com,Taiwan
0c46c47f-4b79-4716-a3f7-ddeaf514a53c,Deanna,Nelson,valeriemarshall@example.net,Taiwan
9bf77a9e-b0f6-45a3-8129-aba54c6fe9ca,Adrian,Hardy,fullercarrie@example.org,Sierra Leone
a1ad0656-d0ed-4a2e-a8dd-e50c939a0df4,Danielle,Brown,ishelton@example.com,Hong Kong
f261891c-4364-4d7c-9edd-4a1abbc75219,David,Clark,cmonroe@example.net,Swaziland
21d7ce11-ed9c-47b9-8905-8de8f82fce41,Spencer,Greene,sheilabrown@example.net,Turkey
90d4c680-23ea-461c-893f-f5c5b3392bf0,Lisa,Wiggins,clarson@example.org,Saudi Arabia
58d184dc-f9bc-48f4-8200-84753f4ec3f6,Justin,Myers,ngreene@example.com,Congo
01061e4e-717c-467f-83aa-20b0fa22f7a7,Jennifer,Jenkins,john06@example.org,Burundi
77c11387-eef7-4fa3-93aa-bd1901ca833d,Martha,Weaver,zhernandez@example.net,Anguilla
2c55bc65-db83-499d-9178-b7c45423f985,Matthew,Freeman,seanjohnson@example.com,Solomon Islands
b0627761-3c35-4879-967b-cfd38a51592d,James,Hodges,nflores@example.com,Mongolia
e17878e6-ced8-4983-96cf-79c47f4b1a41,Daniel,Moore,anthony83@example.com,Suriname
68b78635-6225-451f-a164-6d312effd5f2,Shelly,Ward,wsoto@example.com,Maldives
45fe8f44-bfd3-4f51-ac67-e665917300d9,Laura,Butler,jonesemily@example.com,Macao
d33c46f3-986e-4c70-9a07-b47dab8446e1,Margaret,Bryant,james28@example.org,Nepal
634213c1-0791-418b-8f53-5ae104a88eec,Gabriel,Pierce,whubbard@example.net,Fiji
f5858f1f-ad79-4bd9-817b-21c46c04fb5b,Manuel,Roy,nicole83@example.com,Denmark
5652876a-897f-4611-90b2-8e7b27553a71,Jennifer,Martinez,julie94@example.org,Peru
c8185c1f-e2f7-4753-a3bd-ddd1c070ad74,Michelle,Lucas,davidbaker@example.org,Tunisia
41e9ff95-a950-4ca7-91a1-43d8f057e55f,Ryan,Moore,andrea93@example.org,Korea
0eebb8b3-e844-42e6-b735-44e1eed98dfd,Andrew,Smith,muellerbryan@example.net,Seychelles
7780389b-4c5f-48b7-a569-74d87f3ea527,Regina,Vasquez,crystalmartin@example.net,Bouvet Island (Bouvetoya)
7250a194-6c2e-4ebd-abc3-765346933723,Brett,Harris,robertbest@example.com,Antarctica (the territory South of 60 deg S)
cf753b32-e616-4c89-b670-86c6b0c512d0,John,Guerrero,lstein@example.org,Korea
480895df-5655-4ed4-8a61-cef46ad984fa,Patricia,Gardner,jonessharon@example.net,Brazil
5d20382d-2753-4c3b-a6af-52d423710aca,Melissa,Walls,sarahgraves@example.net,Kazakhstan
7e363950-e2e1-4b7e-9af0-db985b812f6b,Megan,Wade,melissamarshall@example.net,Lesotho
675926d5-b0d1-4584-adc3-84c1e5bf3077,Samantha,Hall,bailey55@example.net,Mexico
18f09d80-b608-43ce-beea-019c16af7d3e,Jeffrey,Clark,jenniferwilliams@example.net,Colombia
0f98fb31-54c7-4f6d-82a8-da1eb2d7e499,Nicole,Herrera,hamptonjeffery@example.org,Afghanistan
c3efb98a-2577-4d9c-858f-10a2d18bcbab,Eric,Roberts,colingriffith@example.org,Sweden
43be542a-2efe-4f89-964d-0ff85d806b64,Jenna,Holden,ftorres@example.com,Comoros
8efc7f40-2286-41db-a409-260cffea265b,Maria,Cameron,seanbray@example.com,Falkland Islands (Malvinas)
a67919ca-38ec-4c39-8675-65df5b6c3649,Matthew,Roberts,timothy77@example.net,Liechtenstein
cdf327d2-cab7-478c-8d31-34b79cb51ea5,Deborah,Pierce,michaelmills@example.com,Central African Republic
16530810-73cb-4cee-99bf-851f3f6e69b0,Drew,Lara,zortega@example.com,Lesotho
19b4f641-065c-4f74-a4fb-d35c4e2be0a0,Tracy,Farmer,jon26@example.org,Zambia
6bb45494-3aca-4e06-bc8a-689f894efeef,Isaiah,Norris,daniel36@example.net,Azerbaijan
16212e46-2136-4bb9-bf39-a98e3e3a8cc5,Pamela,Daniels,ayalajennifer@example.net,Switzerland
177ca3e7-8da7-4f3b-b3e8-bad2522bb20b,Stephanie,Baird,amber92@example.org,Czech Republic
871e3011-75e5-4907-8ce4-8ba6cac25d6a,Raymond,Jenkins,brownnicole@example.com,Burundi
5187785f-cfd3-439f-9311-1ff0343ca321,James,Frost,krista82@example.com,France
ebafd8b3-f7e3-4820-95d9-77e1d7c5d4c6,Steven,Gray,sean21@example.org,Egypt
93152224-4d0c-4639-b582-91bd9ae9b5dd,Denise,Brooks,hullyesenia@example.net,Djibouti
243d05ae-5a6c-41aa-95e7-2602d798d6e6,Randy,Coleman,jacquelineruiz@example.com,Philippines
dbdd8b5d-07ac-42ba-8e7f-a660a7174fd1,Anne,Edwards,brittany62@example.net,Malaysia
24f6d223-bdd0-4267-9eea-1a43938888f4,Andrea,Vargas,adamsethan@example.com,Anguilla
a170904e-beb0-4ae4-b9e7-0f82c0f5de2d,Anne,Hoffman,zholmes@example.net,Oman
ed4cf45a-392c-4041-a72c-6db8dce2bfe6,Jeremy,Ellis,kevingreen@example.org,Egypt
c46ee322-8bb3-4ec0-989c-9e4882e243c3,Andrew,Romero,josebowen@example.net,United States of America
55cadaec-273b-4e68-be72-54fcb33c0a29,Nicole,Lewis,lorirobinson@example.com,Bhutan
1530eddc-f8a9-4440-80fa-2911c98e4c85,Mark,Moore,stacy42@example.net,Cayman Islands
519cf12d-c575-41c7-8046-65e1389f4190,Elizabeth,Perez,shellymason@example.org,United Kingdom
c9677f55-3d94-488f-a5a3-7c223ec2044e,Shelly,Mathis,christina96@example.net,Korea
116d2818-fb53-413c-af28-c7983000b345,Austin,Elliott,evan00@example.org,Botswana
bab40ac5-323c-49da-a116-48f940d6220d,Gwendolyn,Fuller,richardsonbrian@example.net,Bermuda
a2770e32-c28e-44e0-8ce9-b5f94d281715,Gregory,Cooper,freyhannah@example.net,Albania
1cf85a47-de1d-40bf-a891-7da3c57f1460,Mark,Smith,lsmith@example.net,Cook Islands
b02c65dd-2ec4-4b68-b4bd-53f579063ce0,Raymond,Nash,jocelynramirez@example.net,Cambodia
320c748a-0dd6-40f6-b298-eceedc88bae2,Brandon,Harris,daniel06@example.com,South Georgia and the South Sandwich Islands
63a7b05d-6129-48d3-9c7a-45a9cc0a2bb6,John,Lopez,samanthakeller@example.org,Grenada
8261a984-0997-4b14-9fbd-7bbbe60d9a09,Alice,Richardson,amanda44@example.net,El Salvador
ce9511cf-6fb8-4022-9609-db59bcceb319,Carolyn,Martinez,tammy33@example.net,Cook Islands
ae09e11c-a28e-4e97-812d-f4fce25ea075,Kelly,Garrison,pkeith@example.net,Myanmar
61c67a45-625a-4ca6-a3de-f4f6cab2e3c8,Eric,Owens,collinsalex@example.net,Kazakhstan
e3f65bc6-6a77-4d2f-ad96-957492436a21,Erin,Knapp,ecraig@example.com,Cyprus
c5bc8f0e-0cc9-4e46-a084-562f0fbeed82,Lauren,Parker,janicewelch@example.com,Cuba
c5b03ab6-2de8-4b71-8f93-d7a963fa46ca,Robert,Pena,romansherry@example.org,Marshall Islands
70ce3fdc-5f33-4761-8cae-37af5b7a21b9,Carrie,Johnson,reginarivera@example.com,Turks and Caicos Islands
27fa0a38-7ed6-45fe-b683-f10a54ce58d3,Denise,Davis,herrerarandy@example.net,Niue
ef6c062a-4f99-4d36-a0c0-95c27a2fe99f,Kimberly,Fischer,donna83@example.net,Latvia
c6ce60b8-999d-451f-94ec-33f7257bee1e,Alyssa,Nelson,elizabethlopez@example.org,Jersey
a1aa82ed-e20d-4f65-98d6-87dbe296443e,Laurie,Barnes,andrewkelly@example.org,Angola
6a8e5264-0213-4204-a885-dbe34112e1f9,Pamela,Martin,leachandrew@example.org,Vietnam
c6b24ee5-5fc5-4161-8cbb-1b5b048f9d69,Annette,Williams,sergiolewis@example.com,Bulgaria
f5ac56c8-9e52-444d-bad4-8277d1683ebd,Monica,Mosley,dixonjamie@example.org,South Georgia and the South Sandwich Islands
4ff7c484-8ecc-41bf-ab2a-a07cb106e2b4,Allison,Cole,nhines@example.org,Argentina
ce516189-3045-4a92-a06b-560c4d35fd0c,Francisco,Grant,richardsadam@example.org,Guadeloupe
4cae0c81-bc76-4dd2-a9d1-3092dfef430f,Kristy,Avery,tnelson@example.com,Thailand
c1f02a85-68f0-40d5-a799-515352028a5c,Frederick,Evans,marcusbutler@example.org,Sri Lanka
46343e90-1287-44af-9756-0f903751a4ab,Kaitlyn,Potter,hzimmerman@example.net,Kyrgyz Republic
cf71a4ab-3a75-4e34-ae2c-58d3cba71cce,Amy,Smith,nancyreed@example.org,South Africa
54582b35-8879-46ed-8337-72068a7a7e60,Gregory,Bautista,trevorthompson@example.net,Cocos (Keeling) Islands
5bca69c3-dd5a-47a9-97f9-b2b3e29afe24,Kylie,Rose,elizabeth36@example.net,Bolivia
43c99fef-2549-486d-ad7f-041be0fd7942,Ethan,Rodgers,sandovaldavid@example.org,Libyan Arab Jamahiriya
a5d4ec4a-c6d7-48ac-9a43-a423baf1f619,Kristen,Trevino,williamkelley@example.net,Cape Verde
691bfeb2-6058-4b15-bb0a-c52c7b4ea309,Pamela,Mathews,rothbobby@example.org,Cook Islands
73a80d33-17e9-4f6d-a8ee-85acf6056ffe,Ryan,Dean,dianasutton@example.net,Botswana
f5c204da-d548-47e0-898d-3f1be99bc2e2,Linda,Jennings,galvanjames@example.net,Bouvet Island (Bouvetoya)
cff821c6-d3a0-41cf-b20a-93a4b20a58cf,Heather,Stewart,jholden@example.com,British Virgin Islands
aff5e50d-15d4-40f9-a72d-a7a84f528944,Erica,Mason,bryantsamantha@example.org,Turks and Caicos Islands
dc5cbec0-f54c-426a-a999-76fb977474b9,Joseph,Rodriguez,jonesscott@example.org,Antarctica (the territory South of 60 deg S)
093f0197-a2c7-4b23-ad9d-79a86724c56b,Ian,Ingram,pdavis@example.net,Pitcairn Islands
cc0171b2-c0f4-4981-a37d-abc9b2b023d5,John,Beck,jhansen@example.org,Namibia
2470a6b9-3f20-4dee-857a-a0529a777d5d,Erin,Nguyen,brandon54@example.com,Kazakhstan
03c4f03e-e0b4-4fb2-afa5-4674b3ce9776,Brian,Wilson,smithjennifer@example.org,Cuba
6d832934-7520-425d-bae3-c5d575e7b408,Anthony,Stone,moorejoel@example.net,Burkina Faso
44f9d6b0-dfa0-4916-a58b-00efd64d4a28,Amanda,Lam,yhill@example.com,Albania
7238a685-8786-4ec0-884f-79d2f8159a11,Laura,Gonzalez,jennifer42@example.org,Paraguay
0c548d69-210c-4c15-b4ed-4c074f9418d0,James,Mitchell,timothy28@example.com,Argentina
c75cd038-1b21-4dec-8832-1e29e4125053,Susan,Blake,zwright@example.org,Lebanon
860a7add-1c0c-4664-920d-8c941afacac4,Jessica,Morse,benjamin31@example.org,Hong Kong
b65c18e5-c48c-4b6e-bb92-dbb54694941c,Lori,Cochran,richardgarcia@example.net,Sudan
964a1d99-efba-4646-b994-701be27a18ca,Lori,Barnes,medinajamie@example.net,Monaco
654c0885-06bf-4215-b37b-b25c79dd9697,Matthew,Hernandez,plucero@example.net,Costa Rica
1c6dc300-e009-4fb3-a2d1-4cda17f29162,Nancy,Lucas,williamsmatthew@example.org,French Guiana
9ceb1907-1d59-408a-bdf2-2cbb6b02bb2c,Lindsey,Garcia,huffmandavid@example.com,Turkmenistan
e216dc3c-ce69-4c84-9818-72fda9df8742,James,Cohen,lewisvictoria@example.org,South Georgia and the South Sandwich Islands
7f1416ad-3f42-4d6e-b831-59f9be3d5343,Bobby,Greer,kmullen@example.net,Montserrat
3d8bd0d5-298d-437a-8901-30484ca87a32,Danielle,Davis,deniseglover@example.org,United Kingdom
6517ebe5-5002-428f-9462-7914582ff9c3,Jason,Johnston,charlesmarshall@example.com,Falkland Islands (Malvinas)
54419d3f-e50e-4e08-9d3e-bc4fb6c04b76,Willie,Vargas,chadcollins@example.org,Tuvalu
c697901d-1cbd-4bca-a48b-c8ed59c9ca4b,Mallory,Cohen,oking@example.com,Congo
4a46452a-2ee6-46c2-a5bd-17225f1f54dc,John,King,mccarthyrobert@example.com,Senegal
2a8ec418-0a5a-45bb-ab1e-9bf331a2483f,Vanessa,Mahoney,ericfisher@example.com,Marshall Islands
c612fec7-badd-4097-9de9-d62fffef4a6c,Kathy,Stewart,schultzcharles@example.org,Micronesia
54f3a027-1b9d-40e2-8063-068546299116,Randall,Jackson,sheilarodgers@example.net,Mexico
05e61090-036b-49c8-b64d-beaca3d46a90,Jessica,Hall,sarah78@example.com,Vanuatu
97805ba3-cec9-4d35-80eb-f0c793f72b71,Stephanie,Garcia,lisadaniels@example.org,Honduras
3b1871f2-eec6-4806-a972-c6d8e4de4be9,Ross,Miller,mtownsend@example.org,Greenland
2805df35-342e-4134-b3c0-cf70c381cb35,Katherine,Collins,leslieclark@example.net,Haiti
35b760ba-b74a-440b-8745-cfe870d0efcd,Thomas,Miller,frenchjennifer@example.org,Greenland
47545c22-5971-43c4-a540-13bf73701031,Theresa,Luna,petermiller@example.net,Latvia
70c97285-1dea-4ba5-b6c1-64fdfc228cca,Joshua,Jordan,edwardmadden@example.org,Kenya
dee8ef7f-836f-4200-b955-c2d653d47b08,Cheryl,Weber,terri31@example.net,Sudan
5a8b3ff2-633f-4273-bd91-e237361a56fc,Jessica,Roberts,kellerrichard@example.org,Chad
c616c96e-293a-4a87-9382-6a8c34846979,Oscar,Gilmore,chudson@example.org,Vietnam
aac26c4f-a952-47f1-b1c7-1f609096b27d,Jessica,Gray,burgessalexis@example.org,Seychelles
9b092a36-3dcd-4b71-b3ca-42e25e5060a3,Rebecca,Young,kathytucker@example.com,Puerto Rico
f3dfda45-d25c-4c0f-ab60-665f0807c38a,Daniel,Gardner,larryhenry@example.net,Lesotho
cd6ae08d-ec32-4ccf-8fad-c45e6f3db46e,Brenda,Boyd,donnajimenez@example.net,Lebanon
8a5af132-673a-4791-9071-2d8be7256023,Katrina,Lopez,rflores@example.org,Gabon
f2beef42-c273-427f-bafa-08c211d748ee,Michael,Jackson,piercewilliam@example.net,Solomon Islands
8a05602f-99f1-4cb3-a642-38595dba13d4,Sarah,Richards,adrianamendez@example.net,Latvia
45e0d3c1-75ac-4d74-9a9c-cf06280e06b9,Jimmy,Cox,irivera@example.net,San Marino
d6628dbb-b280-4e45-9eef-426f3dda4f66,Kimberly,Martinez,uclements@example.net,Jamaica
e44d8322-8cf4-4a86-b2d4-72c8c184137e,Courtney,Walsh,christieporter@example.net,Estonia
c9df629b-ca6f-4eb9-9b59-0f5739f0fe9e,Robert,Gill,alvaradodeanna@example.org,Central African Republic
e35a9270-3579-4b39-9d97-f238790bbd6d,Emily,Dillon,cookejohn@example.net,Nauru
d9163719-d2cf-488e-b408-4e38a7c51b17,Kevin,Walters,elizabeth41@example.com,Latvia
329b5932-b8c6-4f8b-9705-32aa63f36668,Amy,Raymond,youngcarla@example.org,Malawi
7e552fd1-6faf-43da-a8bf-4bdbf2138e6a,Ian,Davila,tjames@example.com,Czech Republic
d7064cad-6588-4c4c-9393-1dc213403830,Raymond,Miller,denisebullock@example.net,Greece
8358d02c-74e0-4ebe-b468-d2372dc5fa7a,Adam,Warren,adrienne43@example.org,Guam
052a03cc-63c9-46de-8edf-066ffc9fbeb6,Lucas,Flores,mikesellers@example.org,Malawi
5b2f5b35-2851-4916-9829-d27a6b8dd6d9,Kayla,Vega,lauren30@example.com,Zimbabwe
8bf322d6-1ec2-4554-9a04-08e52f3da4cc,Timothy,Walter,daniel03@example.org,Cameroon
09b9228c-c856-48fe-a62f-a8a3d98c9f14,Michelle,Macdonald,jesussanchez@example.org,Bahrain
5f00da78-87d6-47c8-bcb3-13d1cd505e29,Abigail,Hull,dfarrell@example.com,Slovenia
07788107-3097-459c-b6a5-73635a46d08a,Steven,Gregory,christopher69@example.com,Uganda
f3f7664d-05f0-48d5-94b7-c567f16834c6,Jason,Brock,coreybass@example.net,Tokelau
333109c3-e097-4a9d-9c5d-0c01cc94b4c2,Craig,Dominguez,fdavis@example.net,Cambodia
e32cf8fb-6071-47fa-9a08-379c6cd26e87,Brittany,Carlson,jeanette99@example.org,Afghanistan
b4b9192c-957d-4ac6-a673-ae2cbe7e2165,Derek,Johnson,parksandrew@example.net,Somalia
e1811c19-8dc5-437d-9c94-0c24797795a7,Bruce,Ashley,angelasmith@example.net,Ukraine
c98de4c0-2cac-483a-a55f-f97d99376627,Terrance,Bridges,bakercharles@example.net,Tunisia
6ca1650d-1938-41c1-99f5-2e532741fc43,Willie,Williams,rodneyjohnson@example.org,Congo
4eceecd6-02a9-4fc3-b629-b3d7693fd6e3,Bryan,Taylor,piercecrystal@example.org,Kyrgyz Republic
d040cd06-1287-4291-bd24-7efd42f718f9,Omar,Carrillo,derek89@example.net,Sierra Leone
09637d5a-6ca7-409b-ad70-ce1daadbb1f8,Richard,Gonzales,kennethjackson@example.org,Bangladesh
1853d6d0-c73a-4a24-9778-372b85e5c3da,Angela,Wright,brenda85@example.org,North Macedonia
384be738-448e-41b6-a7f8-0b8d4e5d3d44,Jennifer,James,thuynh@example.org,Guinea-Bissau
807786e2-0373-408f-a2c2-a3cd4adff82b,Kristen,Gonzales,scole@example.com,Kazakhstan
62581a07-f269-4de7-a233-670e8388f297,Andrew,Meyer,smithjacob@example.com,Estonia
8a76d585-6975-45b5-84d2-520acbdf87a2,Courtney,Ramirez,dominiccollins@example.org,Hong Kong
59d3cd4d-2001-4165-bd7a-00c92ee3a70f,Jennifer,Diaz,roachtina@example.com,Bouvet Island (Bouvetoya)
752a1d8b-3d57-4c80-bc08-d22489c84c0a,Jacqueline,Kerr,judylopez@example.org,Gibraltar
341eba65-5870-4900-aadf-ce8ec001a1de,Dillon,Valentine,debraedwards@example.com,Saint Barthelemy
70b2ce46-524d-4611-b5b5-07790625b857,Matthew,Pierce,graybradley@example.org,France
bb904f58-2236-47ff-8673-fefe9fe7e41a,Kimberly,Beard,rsherman@example.com,Zambia
c6020b89-b46b-41ff-ad24-39cb5b3b27c6,Joshua,Leonard,jasmine05@example.com,Bhutan
df2974e3-529e-433b-812f-2f2ee93e96c0,Sarah,Williams,smacdonald@example.net,Qatar
bd175d59-eac2-4f58-ad95-9f9754482043,James,Graves,sroberts@example.com,Martinique
b0058cb3-91fe-42d9-a690-f6f639cc3caa,John,Schmidt,joshua27@example.net,Tokelau
8e902577-714e-47cd-9e12-2899aac4fb8f,Michael,Mora,yvettewolf@example.org,Congo
e2087c97-6b40-4852-a2d5-826a2fcbcf41,Amy,Chase,jaredgarcia@example.org,Martinique
5c5a3230-faaa-40f2-8092-17c915c7c9d0,Christopher,Walker,ivargas@example.org,Ukraine
047af127-d195-4278-9d16-8e4f8949be38,Cynthia,Webb,sharris@example.net,Cambodia
19bb26a5-96ef-4cf5-90dd-63e4ea3e2b40,Jennifer,Nelson,luis46@example.org,Marshall Islands
3ad7572b-48c9-4ae7-a0b7-2bf408fb7eda,Michelle,Manning,uwest@example.com,South Africa
ee0f66d7-07da-44e2-a3a2-167b01bf18f4,Andrew,Huff,riveraabigail@example.com,Bouvet Island (Bouvetoya)
c9402440-433f-423a-a553-45ce1f4786c0,Stacey,Blackwell,william86@example.net,Puerto Rico
f13f8f3c-525d-4113-a346-7d987b5337a3,Jessica,Sandoval,codom@example.net,Belgium
fc31dddb-ef05-4f9d-9dfb-3b5b452addc9,Katie,Roberts,kimberlykirk@example.net,Thailand
241a3c46-5e05-4b28-aef6-8786153f2be7,Thomas,Johnson,richardsonbrooke@example.org,Bahamas
6758ed9e-0ab4-4778-b821-56c9edae1600,Dylan,Graves,christian44@example.net,Christmas Island
d56adaa6-5283-45c8-b1ef-6e087ffa5f6a,Charles,Casey,pjordan@example.net,Romania
cc0cb111-ed10-48c7-b30e-fcbc911a07f8,Ivan,Randall,hhoover@example.net,Denmark
8f541428-216e-419e-9275-9f0215c6cbd2,Katherine,Foster,glewis@example.net,Thailand
15ff3f84-fc2d-48cf-a07d-d66ca6fa81d7,Brenda,Daniels,wardjulie@example.org,Oman
24979705-30f6-4d4c-96da-93f6e644f741,Scott,Johnson,halexander@example.net,Saint Helena
6d0a04df-b974-4b81-9cb0-abd32e575742,Michael,Harris,cswanson@example.com,British Indian Ocean Territory (Chagos Archipelago)
f1d5ab1d-8012-42d5-b4f5-37f7a4b9ed2c,Linda,Smith,brooksjoseph@example.com,Portugal
d536c72a-74bb-4dd5-a354-c55ffbef74ac,Heather,Chavez,kingjennifer@example.org,Trinidad and Tobago
fa21e7bb-cd4e-443f-b898-9c7928a33c42,William,Davis,huffmanmichael@example.org,Canada
204fdcce-5bc7-4ac0-8f69-15603213c92f,Carla,Smith,odean@example.org,Samoa
3796c2dc-284e-4098-b644-5860dfc42279,Christopher,Lynn,warebonnie@example.com,Palestinian Territory
bdf40112-32b6-45da-839e-d1717e226aa2,Emily,Mercado,mindyhuang@example.net,Zimbabwe
bdf9906a-3726-4727-91f3-12c13f01d036,Brandon,Trevino,rochawyatt@example.net,Guadeloupe
89ab5c36-ff58-4d42-809b-341bd579bfcd,Ruben,Davis,denise05@example.com,South Africa
5a9d9177-73ca-478a-8637-b3247205c4eb,Brooke,Aguirre,edwardford@example.net,Finland
9841d872-2b4f-42cd-8749-5428780ca67d,Kimberly,Reynolds,jessicageorge@example.org,Anguilla
cc2fb123-e3e4-4174-ba52-a7390a1b4011,Joseph,Delacruz,mmitchell@example.net,Burkina Faso
b6f9d7bf-7500-4877-94a5-8fcf43f17d67,Maria,Fisher,mross@example.org,Guinea
1cac23a4-6e8c-4844-8142-f21136086dfb,Ethan,Summers,chenkylie@example.org,Bouvet Island (Bouvetoya)
65018858-6476-4cff-81b9-049db3462f9a,Vanessa,Berry,michael22@example.com,Heard Island and McDonald Islands
ad3982c1-0ffb-4752-8f91-42268f90b014,Rachel,Smith,hallashley@example.org,Portugal
a1f296ba-daa5-4953-ae6c-41eeb932f269,Isaiah,Guerrero,glennchristine@example.net,Afghanistan
86fbbb50-07c4-4a9f-90f3-ef1933613941,James,Phelps,russell65@example.net,Vanuatu
ef6211ff-874e-4fff-8655-e26665b31d56,Sarah,Allen,toddkristopher@example.net,Guernsey
99d28ff2-62dd-4a3f-a484-a7cc3a4d390d,Amanda,Norman,rruiz@example.org,Burundi
3bbe96a1-4a71-4f0f-aae0-ff6f869588f4,Nicholas,Miranda,andrew95@example.org,United States Virgin Islands
e20ceb38-1e9f-4a9f-bd74-cf43fb9f0200,Frank,Mason,sosaadam@example.net,Cuba
02dc495a-ef44-4816-8121-cd60cc7225e2,Austin,Walker,tmercer@example.net,Seychelles
366606aa-26f6-4bd0-8dfe-5bf4b3dfee29,Paul,Mccormick,laurahunt@example.com,Guatemala
770c1b8b-e074-4c16-9949-464f05b83f34,Tanya,Fowler,chris98@example.net,Nicaragua
456865f0-f5df-46ba-83ed-3b4be5f39569,Christopher,Robles,juliethomas@example.org,Mozambique
c5c73bb7-5bba-4dc5-9bf7-a66679e4c6a4,Michael,Rowe,jillianmarshall@example.org,Bosnia and Herzegovina
a4f09afa-80e0-4c16-a410-eb80c554c215,Ryan,Perez,ipark@example.net,Antarctica (the territory South of 60 deg S)
3fea3f5b-eaf3-4b1d-99b4-a33275627bd0,Jennifer,Rhodes,bobbysims@example.org,Venezuela
d80f23af-6cee-48af-a39f-89296c004547,Jacob,Walker,amanda54@example.org,Kyrgyz Republic
b9ec6cc9-1396-4c0c-84d3-4ef3c17bf593,Janet,Clark,hannahjacobson@example.com,Iraq
1c9bbff2-c599-498b-9c64-83248d0c3338,Nicholas,Huerta,allisonmoore@example.org,Macao
1dc614cb-dc43-4b77-8ddf-f707a20137f7,Megan,Kelly,greenjose@example.net,Honduras
579df76c-7883-48a4-97fc-e4d0c68bc1b2,Paul,Jordan,jason22@example.com,Botswana
f2138efb-214e-49af-a3cc-5e3044ca76a0,Melanie,Jones,wwilson@example.org,Congo
075458c7-fab8-4d55-9bd6-e65d3e394188,Michelle,Garcia,kristin56@example.net,Guinea
a1692930-1c11-49db-9f85-1bf257f80881,Mary,Wilson,daysuzanne@example.net,Honduras
992f7337-11b0-43b9-9c61-26bccaf78799,Jessica,Lewis,hreyes@example.net,Tonga
3681604d-2a08-4df2-84bf-3d1ca849e230,Monica,Morrison,hernandezcarlos@example.net,Monaco
04b3fbc0-c280-4cdf-a223-aa7450f51e72,Becky,Sanders,lemichael@example.com,Oman
522e8f7e-aa0f-4dcd-9d2a-5843edf92c9e,Ricardo,Malone,davidmiddleton@example.net,Serbia
0ef4d75e-ee8c-4c9a-a57a-a632a6e948cb,Alan,Knight,mooredylan@example.net,El Salvador
74cd78cc-0f50-44e8-9615-282dd400a862,Micheal,Garcia,jbailey@example.org,New Zealand
bc2dbba9-28bd-4cd2-81e7-1df6e3470e24,Joy,Williams,ian34@example.org,Australia
6d6b6a80-a6ca-431a-8966-65bc435c406b,Dylan,Johnson,julie45@example.com,Swaziland
3bd0447f-b7a2-4001-81b8-885acec3df93,Justin,Harris,dnunez@example.org,Zambia
1656ad32-4ec0-427a-b99b-d14c08897b8f,Kenneth,Aguilar,ojenkins@example.net,Zambia
378bff95-7099-4091-8972-d12b47680f95,Wayne,Sellers,wmurray@example.org,Saudi Arabia
cc1d9d44-b1e5-4af0-91f0-efce9b295e72,Jorge,Pitts,jenkinsjermaine@example.net,Switzerland
19299909-a969-4db2-bad8-cde601b9458e,James,Acevedo,meyerstephanie@example.com,Philippines
a84bbedf-0f8c-4303-8c7e-ec6dd770d72d,Amanda,Hobbs,perryjennifer@example.org,Guadeloupe
6548512d-0187-4433-805e-41806ef6eff9,Joseph,Diaz,bonnie93@example.org,Bulgaria
b1cdf6a9-c8e3-4982-b372-7b40f8b0a7e5,Travis,Powers,shawn08@example.com,Nicaragua
6fa42140-2630-4f76-8e89-d17215cb1f46,Alexis,Mcintyre,hendersonlisa@example.org,Martinique
322877e6-0204-47ce-a48b-2be74860ee5a,Claudia,Farrell,stephenscathy@example.org,Palau
8b934850-9507-4ada-8512-e815d5d075bb,Melinda,Griffin,wwilliams@example.com,Saint Pierre and Miquelon
711e738f-e23e-482f-bc20-2a70f10de52d,Cheryl,Johnson,kathy16@example.com,Martinique
647770de-9c35-4495-a981-b8731e928083,Erika,Reed,stewartbrianna@example.org,Somalia
e383189d-b8d0-44f5-9da2-d041b2247692,Daniel,Hunter,steven94@example.net,French Polynesia
345842e0-a342-40cb-9b0a-7a05598e7609,Jonathan,Mosley,domingueznatasha@example.org,New Zealand
be141867-b0e5-4cbd-9eae-94d19476cad0,Bobby,Hoover,irichardson@example.org,Saint Vincent and the Grenadines
5faf2de6-0cb8-48ad-921b-e7fab8854f36,Rebecca,Wood,andrew87@example.org,Pitcairn Islands
9ee5043f-4fa6-44b2-96e3-c05b794b3124,Rachel,Hill,corybrowning@example.com,South Georgia and the South Sandwich Islands
92e39c09-a969-4164-943a-c7d9bdc48ab0,Jerry,Young,yryan@example.net,Estonia
e285f5f4-75c0-4d5b-98ab-05f474da8e66,Jennifer,Wheeler,michael45@example.net,Indonesia
0b409e49-1290-4ec9-884d-4f640e3d13ae,Robert,Colon,smithjessica@example.org,Nepal
ce333ff7-01ea-4329-a8db-36853c9fa200,Heather,Yates,aguilarjeffrey@example.net,Nicaragua
149a06d6-6cd9-4b32-9df4-f13cc0652776,Jennifer,Green,wagnerchristine@example.com,Tokelau
d155cfc9-7367-4f9c-9839-4d6d12effbd9,Francisco,Holmes,oreid@example.net,Chile
c2f5fdcc-98df-463f-aee6-8499e2c40ff7,Karen,Koch,cdavis@example.org,Tanzania
